batch start: 49 tasks, exclude={'T063_007'}, out=/root/meituan-lifecare-agent/benchmark/model_selection/results/v63-batch/seed-lite-v63
already have run.json: 0, retry: 0, to_run: 49
[1/49] running T063_SAMPLE_001...
  -> {'task_id': 'T063_SAMPLE_001', 'ok': False, 'error': 'usage: run_benchmark.py [-h] [--task-id TASK_ID] [--tasks-dir TASKS_DIR]\n                        [--out OUT] [--session-prefix SESSION_PREFIX]\n                        [--max-steps MAX_STEPS] [--max-errors MAX_ERRORS]\n                        [--agent-timeout-s AGENT_TIMEOUT_S] [--dry-run-eval]\n                        [--skip-agent] [--user-model USER_MODEL]\n                        [--judge-model JUDGE_MODEL]\nrun_benchmark.py: error: unrecognized arguments: --batch seed-lite-v63\n'}
[2/49] running T063_002...
  -> {'task_id': 'T063_002', 'ok': False, 'error': 'usage: run_benchmark.py [-h] [--task-id TASK_ID] [--tasks-dir TASKS_DIR]\n                        [--out OUT] [--session-prefix SESSION_PREFIX]\n                        [--max-steps MAX_STEPS] [--max-errors MAX_ERRORS]\n                        [--agent-timeout-s AGENT_TIMEOUT_S] [--dry-run-eval]\n                        [--skip-agent] [--user-model USER_MODEL]\n                        [--judge-model JUDGE_MODEL]\nrun_benchmark.py: error: unrecognized arguments: --batch seed-lite-v63\n'}
[3/49] running T063_003...
  -> {'task_id': 'T063_003', 'ok': False, 'error': 'usage: run_benchmark.py [-h] [--task-id TASK_ID] [--tasks-dir TASKS_DIR]\n                        [--out OUT] [--session-prefix SESSION_PREFIX]\n                        [--max-steps MAX_STEPS] [--max-errors MAX_ERRORS]\n                        [--agent-timeout-s AGENT_TIMEOUT_S] [--dry-run-eval]\n                        [--skip-agent] [--user-model USER_MODEL]\n                        [--judge-model JUDGE_MODEL]\nrun_benchmark.py: error: unrecognized arguments: --batch seed-lite-v63\n'}
[4/49] running T063_004...
  -> {'task_id': 'T063_004', 'ok': False, 'error': 'usage: run_benchmark.py [-h] [--task-id TASK_ID] [--tasks-dir TASKS_DIR]\n                        [--out OUT] [--session-prefix SESSION_PREFIX]\n                        [--max-steps MAX_STEPS] [--max-errors MAX_ERRORS]\n                        [--agent-timeout-s AGENT_TIMEOUT_S] [--dry-run-eval]\n                        [--skip-agent] [--user-model USER_MODEL]\n                        [--judge-model JUDGE_MODEL]\nrun_benchmark.py: error: unrecognized arguments: --batch seed-lite-v63\n'}
[5/49] running T063_005...
  -> {'task_id': 'T063_005', 'ok': False, 'error': 'usage: run_benchmark.py [-h] [--task-id TASK_ID] [--tasks-dir TASKS_DIR]\n                        [--out OUT] [--session-prefix SESSION_PREFIX]\n                        [--max-steps MAX_STEPS] [--max-errors MAX_ERRORS]\n                        [--agent-timeout-s AGENT_TIMEOUT_S] [--dry-run-eval]\n                        [--skip-agent] [--user-model USER_MODEL]\n                        [--judge-model JUDGE_MODEL]\nrun_benchmark.py: error: unrecognized arguments: --batch seed-lite-v63\n'}
[6/49] running T063_006...
  -> {'task_id': 'T063_006', 'ok': False, 'error': 'usage: run_benchmark.py [-h] [--task-id TASK_ID] [--tasks-dir TASKS_DIR]\n                        [--out OUT] [--session-prefix SESSION_PREFIX]\n                        [--max-steps MAX_STEPS] [--max-errors MAX_ERRORS]\n                        [--agent-timeout-s AGENT_TIMEOUT_S] [--dry-run-eval]\n                        [--skip-agent] [--user-model USER_MODEL]\n                        [--judge-model JUDGE_MODEL]\nrun_benchmark.py: error: unrecognized arguments: --batch seed-lite-v63\n'}
[7/49] running T063_008...
  -> {'task_id': 'T063_008', 'ok': False, 'error': 'usage: run_benchmark.py [-h] [--task-id TASK_ID] [--tasks-dir TASKS_DIR]\n                        [--out OUT] [--session-prefix SESSION_PREFIX]\n                        [--max-steps MAX_STEPS] [--max-errors MAX_ERRORS]\n                        [--agent-timeout-s AGENT_TIMEOUT_S] [--dry-run-eval]\n                        [--skip-agent] [--user-model USER_MODEL]\n                        [--judge-model JUDGE_MODEL]\nrun_benchmark.py: error: unrecognized arguments: --batch seed-lite-v63\n'}
[8/49] running T063_009...
  -> {'task_id': 'T063_009', 'ok': False, 'error': 'usage: run_benchmark.py [-h] [--task-id TASK_ID] [--tasks-dir TASKS_DIR]\n                        [--out OUT] [--session-prefix SESSION_PREFIX]\n                        [--max-steps MAX_STEPS] [--max-errors MAX_ERRORS]\n                        [--agent-timeout-s AGENT_TIMEOUT_S] [--dry-run-eval]\n                        [--skip-agent] [--user-model USER_MODEL]\n                        [--judge-model JUDGE_MODEL]\nrun_benchmark.py: error: unrecognized arguments: --batch seed-lite-v63\n'}
[9/49] running T063_010...
  -> {'task_id': 'T063_010', 'ok': False, 'error': 'usage: run_benchmark.py [-h] [--task-id TASK_ID] [--tasks-dir TASKS_DIR]\n                        [--out OUT] [--session-prefix SESSION_PREFIX]\n                        [--max-steps MAX_STEPS] [--max-errors MAX_ERRORS]\n                        [--agent-timeout-s AGENT_TIMEOUT_S] [--dry-run-eval]\n                        [--skip-agent] [--user-model USER_MODEL]\n                        [--judge-model JUDGE_MODEL]\nrun_benchmark.py: error: unrecognized arguments: --batch seed-lite-v63\n'}
[10/49] running T063_011...
  -> {'task_id': 'T063_011', 'ok': False, 'error': 'usage: run_benchmark.py [-h] [--task-id TASK_ID] [--tasks-dir TASKS_DIR]\n                        [--out OUT] [--session-prefix SESSION_PREFIX]\n                        [--max-steps MAX_STEPS] [--max-errors MAX_ERRORS]\n                        [--agent-timeout-s AGENT_TIMEOUT_S] [--dry-run-eval]\n                        [--skip-agent] [--user-model USER_MODEL]\n                        [--judge-model JUDGE_MODEL]\nrun_benchmark.py: error: unrecognized arguments: --batch seed-lite-v63\n'}
[11/49] running T063_012...
  -> {'task_id': 'T063_012', 'ok': False, 'error': 'usage: run_benchmark.py [-h] [--task-id TASK_ID] [--tasks-dir TASKS_DIR]\n                        [--out OUT] [--session-prefix SESSION_PREFIX]\n                        [--max-steps MAX_STEPS] [--max-errors MAX_ERRORS]\n                        [--agent-timeout-s AGENT_TIMEOUT_S] [--dry-run-eval]\n                        [--skip-agent] [--user-model USER_MODEL]\n                        [--judge-model JUDGE_MODEL]\nrun_benchmark.py: error: unrecognized arguments: --batch seed-lite-v63\n'}
[12/49] running T063_013...
  -> {'task_id': 'T063_013', 'ok': False, 'error': 'usage: run_benchmark.py [-h] [--task-id TASK_ID] [--tasks-dir TASKS_DIR]\n                        [--out OUT] [--session-prefix SESSION_PREFIX]\n                        [--max-steps MAX_STEPS] [--max-errors MAX_ERRORS]\n                        [--agent-timeout-s AGENT_TIMEOUT_S] [--dry-run-eval]\n                        [--skip-agent] [--user-model USER_MODEL]\n                        [--judge-model JUDGE_MODEL]\nrun_benchmark.py: error: unrecognized arguments: --batch seed-lite-v63\n'}
[13/49] running T063_014...
  -> {'task_id': 'T063_014', 'ok': False, 'error': 'usage: run_benchmark.py [-h] [--task-id TASK_ID] [--tasks-dir TASKS_DIR]\n                        [--out OUT] [--session-prefix SESSION_PREFIX]\n                        [--max-steps MAX_STEPS] [--max-errors MAX_ERRORS]\n                        [--agent-timeout-s AGENT_TIMEOUT_S] [--dry-run-eval]\n                        [--skip-agent] [--user-model USER_MODEL]\n                        [--judge-model JUDGE_MODEL]\nrun_benchmark.py: error: unrecognized arguments: --batch seed-lite-v63\n'}
[14/49] running T063_015...
  -> {'task_id': 'T063_015', 'ok': False, 'error': 'usage: run_benchmark.py [-h] [--task-id TASK_ID] [--tasks-dir TASKS_DIR]\n                        [--out OUT] [--session-prefix SESSION_PREFIX]\n                        [--max-steps MAX_STEPS] [--max-errors MAX_ERRORS]\n                        [--agent-timeout-s AGENT_TIMEOUT_S] [--dry-run-eval]\n                        [--skip-agent] [--user-model USER_MODEL]\n                        [--judge-model JUDGE_MODEL]\nrun_benchmark.py: error: unrecognized arguments: --batch seed-lite-v63\n'}
[15/49] running T063_016...
  -> {'task_id': 'T063_016', 'ok': False, 'error': 'usage: run_benchmark.py [-h] [--task-id TASK_ID] [--tasks-dir TASKS_DIR]\n                        [--out OUT] [--session-prefix SESSION_PREFIX]\n                        [--max-steps MAX_STEPS] [--max-errors MAX_ERRORS]\n                        [--agent-timeout-s AGENT_TIMEOUT_S] [--dry-run-eval]\n                        [--skip-agent] [--user-model USER_MODEL]\n                        [--judge-model JUDGE_MODEL]\nrun_benchmark.py: error: unrecognized arguments: --batch seed-lite-v63\n'}
[16/49] running T063_017...
  -> {'task_id': 'T063_017', 'ok': False, 'error': 'usage: run_benchmark.py [-h] [--task-id TASK_ID] [--tasks-dir TASKS_DIR]\n                        [--out OUT] [--session-prefix SESSION_PREFIX]\n                        [--max-steps MAX_STEPS] [--max-errors MAX_ERRORS]\n                        [--agent-timeout-s AGENT_TIMEOUT_S] [--dry-run-eval]\n                        [--skip-agent] [--user-model USER_MODEL]\n                        [--judge-model JUDGE_MODEL]\nrun_benchmark.py: error: unrecognized arguments: --batch seed-lite-v63\n'}
[17/49] running T063_018...
  -> {'task_id': 'T063_018', 'ok': False, 'error': 'usage: run_benchmark.py [-h] [--task-id TASK_ID] [--tasks-dir TASKS_DIR]\n                        [--out OUT] [--session-prefix SESSION_PREFIX]\n                        [--max-steps MAX_STEPS] [--max-errors MAX_ERRORS]\n                        [--agent-timeout-s AGENT_TIMEOUT_S] [--dry-run-eval]\n                        [--skip-agent] [--user-model USER_MODEL]\n                        [--judge-model JUDGE_MODEL]\nrun_benchmark.py: error: unrecognized arguments: --batch seed-lite-v63\n'}
[18/49] running T063_019...
  -> {'task_id': 'T063_019', 'ok': False, 'error': 'usage: run_benchmark.py [-h] [--task-id TASK_ID] [--tasks-dir TASKS_DIR]\n                        [--out OUT] [--session-prefix SESSION_PREFIX]\n                        [--max-steps MAX_STEPS] [--max-errors MAX_ERRORS]\n                        [--agent-timeout-s AGENT_TIMEOUT_S] [--dry-run-eval]\n                        [--skip-agent] [--user-model USER_MODEL]\n                        [--judge-model JUDGE_MODEL]\nrun_benchmark.py: error: unrecognized arguments: --batch seed-lite-v63\n'}
[19/49] running T063_020...
  -> {'task_id': 'T063_020', 'ok': False, 'error': 'usage: run_benchmark.py [-h] [--task-id TASK_ID] [--tasks-dir TASKS_DIR]\n                        [--out OUT] [--session-prefix SESSION_PREFIX]\n                        [--max-steps MAX_STEPS] [--max-errors MAX_ERRORS]\n                        [--agent-timeout-s AGENT_TIMEOUT_S] [--dry-run-eval]\n                        [--skip-agent] [--user-model USER_MODEL]\n                        [--judge-model JUDGE_MODEL]\nrun_benchmark.py: error: unrecognized arguments: --batch seed-lite-v63\n'}
[20/49] running T063_021...
  -> {'task_id': 'T063_021', 'ok': False, 'error': 'usage: run_benchmark.py [-h] [--task-id TASK_ID] [--tasks-dir TASKS_DIR]\n                        [--out OUT] [--session-prefix SESSION_PREFIX]\n                        [--max-steps MAX_STEPS] [--max-errors MAX_ERRORS]\n                        [--agent-timeout-s AGENT_TIMEOUT_S] [--dry-run-eval]\n                        [--skip-agent] [--user-model USER_MODEL]\n                        [--judge-model JUDGE_MODEL]\nrun_benchmark.py: error: unrecognized arguments: --batch seed-lite-v63\n'}
[21/49] running T063_022...
  -> {'task_id': 'T063_022', 'ok': False, 'error': 'usage: run_benchmark.py [-h] [--task-id TASK_ID] [--tasks-dir TASKS_DIR]\n                        [--out OUT] [--session-prefix SESSION_PREFIX]\n                        [--max-steps MAX_STEPS] [--max-errors MAX_ERRORS]\n                        [--agent-timeout-s AGENT_TIMEOUT_S] [--dry-run-eval]\n                        [--skip-agent] [--user-model USER_MODEL]\n                        [--judge-model JUDGE_MODEL]\nrun_benchmark.py: error: unrecognized arguments: --batch seed-lite-v63\n'}
[22/49] running T063_023...
  -> {'task_id': 'T063_023', 'ok': False, 'error': 'usage: run_benchmark.py [-h] [--task-id TASK_ID] [--tasks-dir TASKS_DIR]\n                        [--out OUT] [--session-prefix SESSION_PREFIX]\n                        [--max-steps MAX_STEPS] [--max-errors MAX_ERRORS]\n                        [--agent-timeout-s AGENT_TIMEOUT_S] [--dry-run-eval]\n                        [--skip-agent] [--user-model USER_MODEL]\n                        [--judge-model JUDGE_MODEL]\nrun_benchmark.py: error: unrecognized arguments: --batch seed-lite-v63\n'}
[23/49] running T063_024...
  -> {'task_id': 'T063_024', 'ok': False, 'error': 'usage: run_benchmark.py [-h] [--task-id TASK_ID] [--tasks-dir TASKS_DIR]\n                        [--out OUT] [--session-prefix SESSION_PREFIX]\n                        [--max-steps MAX_STEPS] [--max-errors MAX_ERRORS]\n                        [--agent-timeout-s AGENT_TIMEOUT_S] [--dry-run-eval]\n                        [--skip-agent] [--user-model USER_MODEL]\n                        [--judge-model JUDGE_MODEL]\nrun_benchmark.py: error: unrecognized arguments: --batch seed-lite-v63\n'}
[24/49] running T063_025...
  -> {'task_id': 'T063_025', 'ok': False, 'error': 'usage: run_benchmark.py [-h] [--task-id TASK_ID] [--tasks-dir TASKS_DIR]\n                        [--out OUT] [--session-prefix SESSION_PREFIX]\n                        [--max-steps MAX_STEPS] [--max-errors MAX_ERRORS]\n                        [--agent-timeout-s AGENT_TIMEOUT_S] [--dry-run-eval]\n                        [--skip-agent] [--user-model USER_MODEL]\n                        [--judge-model JUDGE_MODEL]\nrun_benchmark.py: error: unrecognized arguments: --batch seed-lite-v63\n'}
[25/49] running T063_026...
batch start: 49 tasks, exclude={'T063_007'}, out=/root/meituan-lifecare-agent/benchmark/model_selection/results/v63-batch/seed-lite-v63
already have run.json: 0, retry: 0, to_run: 49
[1/49] running T063_SAMPLE_001...
  -> {'task_id': 'T063_026', 'ok': False, 'error': 'usage: run_benchmark.py [-h] [--task-id TASK_ID] [--tasks-dir TASKS_DIR]\n                        [--out OUT] [--session-prefix SESSION_PREFIX]\n                        [--max-steps MAX_STEPS] [--max-errors MAX_ERRORS]\n                        [--agent-timeout-s AGENT_TIMEOUT_S] [--dry-run-eval]\n                        [--skip-agent] [--user-model USER_MODEL]\n                        [--judge-model JUDGE_MODEL]\nrun_benchmark.py: error: unrecognized arguments: --batch seed-lite-v63\n'}
  -> {'task_id': 'T063_SAMPLE_001', 'ok': False, 'error': 'usage: run_benchmark.py [-h] [--task-id TASK_ID] [--tasks-dir TASKS_DIR]\n                        [--out OUT] [--session-prefix SESSION_PREFIX]\n                        [--max-steps MAX_STEPS] [--max-errors MAX_ERRORS]\n                        [--agent-timeout-s AGENT_TIMEOUT_S] [--dry-run-eval]\n                        [--skip-agent] [--user-model USER_MODEL]\n                        [--judge-model JUDGE_MODEL]\nrun_benchmark.py: error: unrecognized arguments: --batch seed-lite-v63\n'}
[26/49] running T063_027...
[2/49] running T063_002...
  -> {'task_id': 'T063_027', 'ok': False, 'error': 'usage: run_benchmark.py [-h] [--task-id TASK_ID] [--tasks-dir TASKS_DIR]\n                        [--out OUT] [--session-prefix SESSION_PREFIX]\n                        [--max-steps MAX_STEPS] [--max-errors MAX_ERRORS]\n                        [--agent-timeout-s AGENT_TIMEOUT_S] [--dry-run-eval]\n                        [--skip-agent] [--user-model USER_MODEL]\n                        [--judge-model JUDGE_MODEL]\nrun_benchmark.py: error: unrecognized arguments: --batch seed-lite-v63\n'}
  -> {'task_id': 'T063_002', 'ok': False, 'error': 'usage: run_benchmark.py [-h] [--task-id TASK_ID] [--tasks-dir TASKS_DIR]\n                        [--out OUT] [--session-prefix SESSION_PREFIX]\n                        [--max-steps MAX_STEPS] [--max-errors MAX_ERRORS]\n                        [--agent-timeout-s AGENT_TIMEOUT_S] [--dry-run-eval]\n                        [--skip-agent] [--user-model USER_MODEL]\n                        [--judge-model JUDGE_MODEL]\nrun_benchmark.py: error: unrecognized arguments: --batch seed-lite-v63\n'}
[27/49] running T063_028...
[3/49] running T063_003...
  -> {'task_id': 'T063_028', 'ok': False, 'error': 'usage: run_benchmark.py [-h] [--task-id TASK_ID] [--tasks-dir TASKS_DIR]\n                        [--out OUT] [--session-prefix SESSION_PREFIX]\n                        [--max-steps MAX_STEPS] [--max-errors MAX_ERRORS]\n                        [--agent-timeout-s AGENT_TIMEOUT_S] [--dry-run-eval]\n                        [--skip-agent] [--user-model USER_MODEL]\n                        [--judge-model JUDGE_MODEL]\nrun_benchmark.py: error: unrecognized arguments: --batch seed-lite-v63\n'}
  -> {'task_id': 'T063_003', 'ok': False, 'error': 'usage: run_benchmark.py [-h] [--task-id TASK_ID] [--tasks-dir TASKS_DIR]\n                        [--out OUT] [--session-prefix SESSION_PREFIX]\n                        [--max-steps MAX_STEPS] [--max-errors MAX_ERRORS]\n                        [--agent-timeout-s AGENT_TIMEOUT_S] [--dry-run-eval]\n                        [--skip-agent] [--user-model USER_MODEL]\n                        [--judge-model JUDGE_MODEL]\nrun_benchmark.py: error: unrecognized arguments: --batch seed-lite-v63\n'}
[28/49] running T063_029...
[4/49] running T063_004...
  -> {'task_id': 'T063_029', 'ok': False, 'error': 'usage: run_benchmark.py [-h] [--task-id TASK_ID] [--tasks-dir TASKS_DIR]\n                        [--out OUT] [--session-prefix SESSION_PREFIX]\n                        [--max-steps MAX_STEPS] [--max-errors MAX_ERRORS]\n                        [--agent-timeout-s AGENT_TIMEOUT_S] [--dry-run-eval]\n                        [--skip-agent] [--user-model USER_MODEL]\n                        [--judge-model JUDGE_MODEL]\nrun_benchmark.py: error: unrecognized arguments: --batch seed-lite-v63\n'}
  -> {'task_id': 'T063_004', 'ok': False, 'error': 'usage: run_benchmark.py [-h] [--task-id TASK_ID] [--tasks-dir TASKS_DIR]\n                        [--out OUT] [--session-prefix SESSION_PREFIX]\n                        [--max-steps MAX_STEPS] [--max-errors MAX_ERRORS]\n                        [--agent-timeout-s AGENT_TIMEOUT_S] [--dry-run-eval]\n                        [--skip-agent] [--user-model USER_MODEL]\n                        [--judge-model JUDGE_MODEL]\nrun_benchmark.py: error: unrecognized arguments: --batch seed-lite-v63\n'}
[29/49] running T063_030...
[5/49] running T063_005...
  -> {'task_id': 'T063_030', 'ok': False, 'error': 'usage: run_benchmark.py [-h] [--task-id TASK_ID] [--tasks-dir TASKS_DIR]\n                        [--out OUT] [--session-prefix SESSION_PREFIX]\n                        [--max-steps MAX_STEPS] [--max-errors MAX_ERRORS]\n                        [--agent-timeout-s AGENT_TIMEOUT_S] [--dry-run-eval]\n                        [--skip-agent] [--user-model USER_MODEL]\n                        [--judge-model JUDGE_MODEL]\nrun_benchmark.py: error: unrecognized arguments: --batch seed-lite-v63\n'}
  -> {'task_id': 'T063_005', 'ok': False, 'error': 'usage: run_benchmark.py [-h] [--task-id TASK_ID] [--tasks-dir TASKS_DIR]\n                        [--out OUT] [--session-prefix SESSION_PREFIX]\n                        [--max-steps MAX_STEPS] [--max-errors MAX_ERRORS]\n                        [--agent-timeout-s AGENT_TIMEOUT_S] [--dry-run-eval]\n                        [--skip-agent] [--user-model USER_MODEL]\n                        [--judge-model JUDGE_MODEL]\nrun_benchmark.py: error: unrecognized arguments: --batch seed-lite-v63\n'}
[30/49] running T063_031...
[6/49] running T063_006...
  -> {'task_id': 'T063_031', 'ok': False, 'error': 'usage: run_benchmark.py [-h] [--task-id TASK_ID] [--tasks-dir TASKS_DIR]\n                        [--out OUT] [--session-prefix SESSION_PREFIX]\n                        [--max-steps MAX_STEPS] [--max-errors MAX_ERRORS]\n                        [--agent-timeout-s AGENT_TIMEOUT_S] [--dry-run-eval]\n                        [--skip-agent] [--user-model USER_MODEL]\n                        [--judge-model JUDGE_MODEL]\nrun_benchmark.py: error: unrecognized arguments: --batch seed-lite-v63\n'}
  -> {'task_id': 'T063_006', 'ok': False, 'error': 'usage: run_benchmark.py [-h] [--task-id TASK_ID] [--tasks-dir TASKS_DIR]\n                        [--out OUT] [--session-prefix SESSION_PREFIX]\n                        [--max-steps MAX_STEPS] [--max-errors MAX_ERRORS]\n                        [--agent-timeout-s AGENT_TIMEOUT_S] [--dry-run-eval]\n                        [--skip-agent] [--user-model USER_MODEL]\n                        [--judge-model JUDGE_MODEL]\nrun_benchmark.py: error: unrecognized arguments: --batch seed-lite-v63\n'}
[31/49] running T063_032...
[7/49] running T063_008...
  -> {'task_id': 'T063_032', 'ok': False, 'error': 'usage: run_benchmark.py [-h] [--task-id TASK_ID] [--tasks-dir TASKS_DIR]\n                        [--out OUT] [--session-prefix SESSION_PREFIX]\n                        [--max-steps MAX_STEPS] [--max-errors MAX_ERRORS]\n                        [--agent-timeout-s AGENT_TIMEOUT_S] [--dry-run-eval]\n                        [--skip-agent] [--user-model USER_MODEL]\n                        [--judge-model JUDGE_MODEL]\nrun_benchmark.py: error: unrecognized arguments: --batch seed-lite-v63\n'}
  -> {'task_id': 'T063_008', 'ok': False, 'error': 'usage: run_benchmark.py [-h] [--task-id TASK_ID] [--tasks-dir TASKS_DIR]\n                        [--out OUT] [--session-prefix SESSION_PREFIX]\n                        [--max-steps MAX_STEPS] [--max-errors MAX_ERRORS]\n                        [--agent-timeout-s AGENT_TIMEOUT_S] [--dry-run-eval]\n                        [--skip-agent] [--user-model USER_MODEL]\n                        [--judge-model JUDGE_MODEL]\nrun_benchmark.py: error: unrecognized arguments: --batch seed-lite-v63\n'}
[32/49] running T063_033...
[8/49] running T063_009...
  -> {'task_id': 'T063_033', 'ok': False, 'error': 'usage: run_benchmark.py [-h] [--task-id TASK_ID] [--tasks-dir TASKS_DIR]\n                        [--out OUT] [--session-prefix SESSION_PREFIX]\n                        [--max-steps MAX_STEPS] [--max-errors MAX_ERRORS]\n                        [--agent-timeout-s AGENT_TIMEOUT_S] [--dry-run-eval]\n                        [--skip-agent] [--user-model USER_MODEL]\n                        [--judge-model JUDGE_MODEL]\nrun_benchmark.py: error: unrecognized arguments: --batch seed-lite-v63\n'}
  -> {'task_id': 'T063_009', 'ok': False, 'error': 'usage: run_benchmark.py [-h] [--task-id TASK_ID] [--tasks-dir TASKS_DIR]\n                        [--out OUT] [--session-prefix SESSION_PREFIX]\n                        [--max-steps MAX_STEPS] [--max-errors MAX_ERRORS]\n                        [--agent-timeout-s AGENT_TIMEOUT_S] [--dry-run-eval]\n                        [--skip-agent] [--user-model USER_MODEL]\n                        [--judge-model JUDGE_MODEL]\nrun_benchmark.py: error: unrecognized arguments: --batch seed-lite-v63\n'}
[33/49] running T063_034...
[9/49] running T063_010...
  -> {'task_id': 'T063_034', 'ok': False, 'error': 'usage: run_benchmark.py [-h] [--task-id TASK_ID] [--tasks-dir TASKS_DIR]\n                        [--out OUT] [--session-prefix SESSION_PREFIX]\n                        [--max-steps MAX_STEPS] [--max-errors MAX_ERRORS]\n                        [--agent-timeout-s AGENT_TIMEOUT_S] [--dry-run-eval]\n                        [--skip-agent] [--user-model USER_MODEL]\n                        [--judge-model JUDGE_MODEL]\nrun_benchmark.py: error: unrecognized arguments: --batch seed-lite-v63\n'}
  -> {'task_id': 'T063_010', 'ok': False, 'error': 'usage: run_benchmark.py [-h] [--task-id TASK_ID] [--tasks-dir TASKS_DIR]\n                        [--out OUT] [--session-prefix SESSION_PREFIX]\n                        [--max-steps MAX_STEPS] [--max-errors MAX_ERRORS]\n                        [--agent-timeout-s AGENT_TIMEOUT_S] [--dry-run-eval]\n                        [--skip-agent] [--user-model USER_MODEL]\n                        [--judge-model JUDGE_MODEL]\nrun_benchmark.py: error: unrecognized arguments: --batch seed-lite-v63\n'}
[34/49] running T063_035...
[10/49] running T063_011...
  -> {'task_id': 'T063_035', 'ok': False, 'error': 'usage: run_benchmark.py [-h] [--task-id TASK_ID] [--tasks-dir TASKS_DIR]\n                        [--out OUT] [--session-prefix SESSION_PREFIX]\n                        [--max-steps MAX_STEPS] [--max-errors MAX_ERRORS]\n                        [--agent-timeout-s AGENT_TIMEOUT_S] [--dry-run-eval]\n                        [--skip-agent] [--user-model USER_MODEL]\n                        [--judge-model JUDGE_MODEL]\nrun_benchmark.py: error: unrecognized arguments: --batch seed-lite-v63\n'}
  -> {'task_id': 'T063_011', 'ok': False, 'error': 'usage: run_benchmark.py [-h] [--task-id TASK_ID] [--tasks-dir TASKS_DIR]\n                        [--out OUT] [--session-prefix SESSION_PREFIX]\n                        [--max-steps MAX_STEPS] [--max-errors MAX_ERRORS]\n                        [--agent-timeout-s AGENT_TIMEOUT_S] [--dry-run-eval]\n                        [--skip-agent] [--user-model USER_MODEL]\n                        [--judge-model JUDGE_MODEL]\nrun_benchmark.py: error: unrecognized arguments: --batch seed-lite-v63\n'}
[35/49] running T063_036...
[11/49] running T063_012...
  -> {'task_id': 'T063_036', 'ok': False, 'error': 'usage: run_benchmark.py [-h] [--task-id TASK_ID] [--tasks-dir TASKS_DIR]\n                        [--out OUT] [--session-prefix SESSION_PREFIX]\n                        [--max-steps MAX_STEPS] [--max-errors MAX_ERRORS]\n                        [--agent-timeout-s AGENT_TIMEOUT_S] [--dry-run-eval]\n                        [--skip-agent] [--user-model USER_MODEL]\n                        [--judge-model JUDGE_MODEL]\nrun_benchmark.py: error: unrecognized arguments: --batch seed-lite-v63\n'}
  -> {'task_id': 'T063_012', 'ok': False, 'error': 'usage: run_benchmark.py [-h] [--task-id TASK_ID] [--tasks-dir TASKS_DIR]\n                        [--out OUT] [--session-prefix SESSION_PREFIX]\n                        [--max-steps MAX_STEPS] [--max-errors MAX_ERRORS]\n                        [--agent-timeout-s AGENT_TIMEOUT_S] [--dry-run-eval]\n                        [--skip-agent] [--user-model USER_MODEL]\n                        [--judge-model JUDGE_MODEL]\nrun_benchmark.py: error: unrecognized arguments: --batch seed-lite-v63\n'}
[36/49] running T063_037...
[12/49] running T063_013...
  -> {'task_id': 'T063_037', 'ok': False, 'error': 'usage: run_benchmark.py [-h] [--task-id TASK_ID] [--tasks-dir TASKS_DIR]\n                        [--out OUT] [--session-prefix SESSION_PREFIX]\n                        [--max-steps MAX_STEPS] [--max-errors MAX_ERRORS]\n                        [--agent-timeout-s AGENT_TIMEOUT_S] [--dry-run-eval]\n                        [--skip-agent] [--user-model USER_MODEL]\n                        [--judge-model JUDGE_MODEL]\nrun_benchmark.py: error: unrecognized arguments: --batch seed-lite-v63\n'}
  -> {'task_id': 'T063_013', 'ok': False, 'error': 'usage: run_benchmark.py [-h] [--task-id TASK_ID] [--tasks-dir TASKS_DIR]\n                        [--out OUT] [--session-prefix SESSION_PREFIX]\n                        [--max-steps MAX_STEPS] [--max-errors MAX_ERRORS]\n                        [--agent-timeout-s AGENT_TIMEOUT_S] [--dry-run-eval]\n                        [--skip-agent] [--user-model USER_MODEL]\n                        [--judge-model JUDGE_MODEL]\nrun_benchmark.py: error: unrecognized arguments: --batch seed-lite-v63\n'}
[37/49] running T063_038...
[13/49] running T063_014...
  -> {'task_id': 'T063_038', 'ok': False, 'error': 'usage: run_benchmark.py [-h] [--task-id TASK_ID] [--tasks-dir TASKS_DIR]\n                        [--out OUT] [--session-prefix SESSION_PREFIX]\n                        [--max-steps MAX_STEPS] [--max-errors MAX_ERRORS]\n                        [--agent-timeout-s AGENT_TIMEOUT_S] [--dry-run-eval]\n                        [--skip-agent] [--user-model USER_MODEL]\n                        [--judge-model JUDGE_MODEL]\nrun_benchmark.py: error: unrecognized arguments: --batch seed-lite-v63\n'}
  -> {'task_id': 'T063_014', 'ok': False, 'error': 'usage: run_benchmark.py [-h] [--task-id TASK_ID] [--tasks-dir TASKS_DIR]\n                        [--out OUT] [--session-prefix SESSION_PREFIX]\n                        [--max-steps MAX_STEPS] [--max-errors MAX_ERRORS]\n                        [--agent-timeout-s AGENT_TIMEOUT_S] [--dry-run-eval]\n                        [--skip-agent] [--user-model USER_MODEL]\n                        [--judge-model JUDGE_MODEL]\nrun_benchmark.py: error: unrecognized arguments: --batch seed-lite-v63\n'}
[38/49] running T063_039...
[14/49] running T063_015...
  -> {'task_id': 'T063_039', 'ok': False, 'error': 'usage: run_benchmark.py [-h] [--task-id TASK_ID] [--tasks-dir TASKS_DIR]\n                        [--out OUT] [--session-prefix SESSION_PREFIX]\n                        [--max-steps MAX_STEPS] [--max-errors MAX_ERRORS]\n                        [--agent-timeout-s AGENT_TIMEOUT_S] [--dry-run-eval]\n                        [--skip-agent] [--user-model USER_MODEL]\n                        [--judge-model JUDGE_MODEL]\nrun_benchmark.py: error: unrecognized arguments: --batch seed-lite-v63\n'}
  -> {'task_id': 'T063_015', 'ok': False, 'error': 'usage: run_benchmark.py [-h] [--task-id TASK_ID] [--tasks-dir TASKS_DIR]\n                        [--out OUT] [--session-prefix SESSION_PREFIX]\n                        [--max-steps MAX_STEPS] [--max-errors MAX_ERRORS]\n                        [--agent-timeout-s AGENT_TIMEOUT_S] [--dry-run-eval]\n                        [--skip-agent] [--user-model USER_MODEL]\n                        [--judge-model JUDGE_MODEL]\nrun_benchmark.py: error: unrecognized arguments: --batch seed-lite-v63\n'}
[39/49] running T063_040...
[15/49] running T063_016...
  -> {'task_id': 'T063_040', 'ok': False, 'error': 'usage: run_benchmark.py [-h] [--task-id TASK_ID] [--tasks-dir TASKS_DIR]\n                        [--out OUT] [--session-prefix SESSION_PREFIX]\n                        [--max-steps MAX_STEPS] [--max-errors MAX_ERRORS]\n                        [--agent-timeout-s AGENT_TIMEOUT_S] [--dry-run-eval]\n                        [--skip-agent] [--user-model USER_MODEL]\n                        [--judge-model JUDGE_MODEL]\nrun_benchmark.py: error: unrecognized arguments: --batch seed-lite-v63\n'}
  -> {'task_id': 'T063_016', 'ok': False, 'error': 'usage: run_benchmark.py [-h] [--task-id TASK_ID] [--tasks-dir TASKS_DIR]\n                        [--out OUT] [--session-prefix SESSION_PREFIX]\n                        [--max-steps MAX_STEPS] [--max-errors MAX_ERRORS]\n                        [--agent-timeout-s AGENT_TIMEOUT_S] [--dry-run-eval]\n                        [--skip-agent] [--user-model USER_MODEL]\n                        [--judge-model JUDGE_MODEL]\nrun_benchmark.py: error: unrecognized arguments: --batch seed-lite-v63\n'}
[40/49] running T063_041...
[16/49] running T063_017...
  -> {'task_id': 'T063_041', 'ok': False, 'error': 'usage: run_benchmark.py [-h] [--task-id TASK_ID] [--tasks-dir TASKS_DIR]\n                        [--out OUT] [--session-prefix SESSION_PREFIX]\n                        [--max-steps MAX_STEPS] [--max-errors MAX_ERRORS]\n                        [--agent-timeout-s AGENT_TIMEOUT_S] [--dry-run-eval]\n                        [--skip-agent] [--user-model USER_MODEL]\n                        [--judge-model JUDGE_MODEL]\nrun_benchmark.py: error: unrecognized arguments: --batch seed-lite-v63\n'}
  -> {'task_id': 'T063_017', 'ok': False, 'error': 'usage: run_benchmark.py [-h] [--task-id TASK_ID] [--tasks-dir TASKS_DIR]\n                        [--out OUT] [--session-prefix SESSION_PREFIX]\n                        [--max-steps MAX_STEPS] [--max-errors MAX_ERRORS]\n                        [--agent-timeout-s AGENT_TIMEOUT_S] [--dry-run-eval]\n                        [--skip-agent] [--user-model USER_MODEL]\n                        [--judge-model JUDGE_MODEL]\nrun_benchmark.py: error: unrecognized arguments: --batch seed-lite-v63\n'}
[41/49] running T063_042...
[17/49] running T063_018...
  -> {'task_id': 'T063_042', 'ok': False, 'error': 'usage: run_benchmark.py [-h] [--task-id TASK_ID] [--tasks-dir TASKS_DIR]\n                        [--out OUT] [--session-prefix SESSION_PREFIX]\n                        [--max-steps MAX_STEPS] [--max-errors MAX_ERRORS]\n                        [--agent-timeout-s AGENT_TIMEOUT_S] [--dry-run-eval]\n                        [--skip-agent] [--user-model USER_MODEL]\n                        [--judge-model JUDGE_MODEL]\nrun_benchmark.py: error: unrecognized arguments: --batch seed-lite-v63\n'}
  -> {'task_id': 'T063_018', 'ok': False, 'error': 'usage: run_benchmark.py [-h] [--task-id TASK_ID] [--tasks-dir TASKS_DIR]\n                        [--out OUT] [--session-prefix SESSION_PREFIX]\n                        [--max-steps MAX_STEPS] [--max-errors MAX_ERRORS]\n                        [--agent-timeout-s AGENT_TIMEOUT_S] [--dry-run-eval]\n                        [--skip-agent] [--user-model USER_MODEL]\n                        [--judge-model JUDGE_MODEL]\nrun_benchmark.py: error: unrecognized arguments: --batch seed-lite-v63\n'}
[42/49] running T063_043...
[18/49] running T063_019...
  -> {'task_id': 'T063_043', 'ok': False, 'error': 'usage: run_benchmark.py [-h] [--task-id TASK_ID] [--tasks-dir TASKS_DIR]\n                        [--out OUT] [--session-prefix SESSION_PREFIX]\n                        [--max-steps MAX_STEPS] [--max-errors MAX_ERRORS]\n                        [--agent-timeout-s AGENT_TIMEOUT_S] [--dry-run-eval]\n                        [--skip-agent] [--user-model USER_MODEL]\n                        [--judge-model JUDGE_MODEL]\nrun_benchmark.py: error: unrecognized arguments: --batch seed-lite-v63\n'}
  -> {'task_id': 'T063_019', 'ok': False, 'error': 'usage: run_benchmark.py [-h] [--task-id TASK_ID] [--tasks-dir TASKS_DIR]\n                        [--out OUT] [--session-prefix SESSION_PREFIX]\n                        [--max-steps MAX_STEPS] [--max-errors MAX_ERRORS]\n                        [--agent-timeout-s AGENT_TIMEOUT_S] [--dry-run-eval]\n                        [--skip-agent] [--user-model USER_MODEL]\n                        [--judge-model JUDGE_MODEL]\nrun_benchmark.py: error: unrecognized arguments: --batch seed-lite-v63\n'}
[43/49] running T063_044...
[19/49] running T063_020...
  -> {'task_id': 'T063_044', 'ok': False, 'error': 'usage: run_benchmark.py [-h] [--task-id TASK_ID] [--tasks-dir TASKS_DIR]\n                        [--out OUT] [--session-prefix SESSION_PREFIX]\n                        [--max-steps MAX_STEPS] [--max-errors MAX_ERRORS]\n                        [--agent-timeout-s AGENT_TIMEOUT_S] [--dry-run-eval]\n                        [--skip-agent] [--user-model USER_MODEL]\n                        [--judge-model JUDGE_MODEL]\nrun_benchmark.py: error: unrecognized arguments: --batch seed-lite-v63\n'}
  -> {'task_id': 'T063_020', 'ok': False, 'error': 'usage: run_benchmark.py [-h] [--task-id TASK_ID] [--tasks-dir TASKS_DIR]\n                        [--out OUT] [--session-prefix SESSION_PREFIX]\n                        [--max-steps MAX_STEPS] [--max-errors MAX_ERRORS]\n                        [--agent-timeout-s AGENT_TIMEOUT_S] [--dry-run-eval]\n                        [--skip-agent] [--user-model USER_MODEL]\n                        [--judge-model JUDGE_MODEL]\nrun_benchmark.py: error: unrecognized arguments: --batch seed-lite-v63\n'}
[44/49] running T063_045...
[20/49] running T063_021...
  -> {'task_id': 'T063_045', 'ok': False, 'error': 'usage: run_benchmark.py [-h] [--task-id TASK_ID] [--tasks-dir TASKS_DIR]\n                        [--out OUT] [--session-prefix SESSION_PREFIX]\n                        [--max-steps MAX_STEPS] [--max-errors MAX_ERRORS]\n                        [--agent-timeout-s AGENT_TIMEOUT_S] [--dry-run-eval]\n                        [--skip-agent] [--user-model USER_MODEL]\n                        [--judge-model JUDGE_MODEL]\nrun_benchmark.py: error: unrecognized arguments: --batch seed-lite-v63\n'}
  -> {'task_id': 'T063_021', 'ok': False, 'error': 'usage: run_benchmark.py [-h] [--task-id TASK_ID] [--tasks-dir TASKS_DIR]\n                        [--out OUT] [--session-prefix SESSION_PREFIX]\n                        [--max-steps MAX_STEPS] [--max-errors MAX_ERRORS]\n                        [--agent-timeout-s AGENT_TIMEOUT_S] [--dry-run-eval]\n                        [--skip-agent] [--user-model USER_MODEL]\n                        [--judge-model JUDGE_MODEL]\nrun_benchmark.py: error: unrecognized arguments: --batch seed-lite-v63\n'}
[45/49] running T063_046...
[21/49] running T063_022...
  -> {'task_id': 'T063_046', 'ok': False, 'error': 'usage: run_benchmark.py [-h] [--task-id TASK_ID] [--tasks-dir TASKS_DIR]\n                        [--out OUT] [--session-prefix SESSION_PREFIX]\n                        [--max-steps MAX_STEPS] [--max-errors MAX_ERRORS]\n                        [--agent-timeout-s AGENT_TIMEOUT_S] [--dry-run-eval]\n                        [--skip-agent] [--user-model USER_MODEL]\n                        [--judge-model JUDGE_MODEL]\nrun_benchmark.py: error: unrecognized arguments: --batch seed-lite-v63\n'}
  -> {'task_id': 'T063_022', 'ok': False, 'error': 'usage: run_benchmark.py [-h] [--task-id TASK_ID] [--tasks-dir TASKS_DIR]\n                        [--out OUT] [--session-prefix SESSION_PREFIX]\n                        [--max-steps MAX_STEPS] [--max-errors MAX_ERRORS]\n                        [--agent-timeout-s AGENT_TIMEOUT_S] [--dry-run-eval]\n                        [--skip-agent] [--user-model USER_MODEL]\n                        [--judge-model JUDGE_MODEL]\nrun_benchmark.py: error: unrecognized arguments: --batch seed-lite-v63\n'}
[46/49] running T063_047...
[22/49] running T063_023...
  -> {'task_id': 'T063_047', 'ok': False, 'error': 'usage: run_benchmark.py [-h] [--task-id TASK_ID] [--tasks-dir TASKS_DIR]\n                        [--out OUT] [--session-prefix SESSION_PREFIX]\n                        [--max-steps MAX_STEPS] [--max-errors MAX_ERRORS]\n                        [--agent-timeout-s AGENT_TIMEOUT_S] [--dry-run-eval]\n                        [--skip-agent] [--user-model USER_MODEL]\n                        [--judge-model JUDGE_MODEL]\nrun_benchmark.py: error: unrecognized arguments: --batch seed-lite-v63\n'}
  -> {'task_id': 'T063_023', 'ok': False, 'error': 'usage: run_benchmark.py [-h] [--task-id TASK_ID] [--tasks-dir TASKS_DIR]\n                        [--out OUT] [--session-prefix SESSION_PREFIX]\n                        [--max-steps MAX_STEPS] [--max-errors MAX_ERRORS]\n                        [--agent-timeout-s AGENT_TIMEOUT_S] [--dry-run-eval]\n                        [--skip-agent] [--user-model USER_MODEL]\n                        [--judge-model JUDGE_MODEL]\nrun_benchmark.py: error: unrecognized arguments: --batch seed-lite-v63\n'}
[47/49] running T063_048...
[23/49] running T063_024...
  -> {'task_id': 'T063_048', 'ok': False, 'error': 'usage: run_benchmark.py [-h] [--task-id TASK_ID] [--tasks-dir TASKS_DIR]\n                        [--out OUT] [--session-prefix SESSION_PREFIX]\n                        [--max-steps MAX_STEPS] [--max-errors MAX_ERRORS]\n                        [--agent-timeout-s AGENT_TIMEOUT_S] [--dry-run-eval]\n                        [--skip-agent] [--user-model USER_MODEL]\n                        [--judge-model JUDGE_MODEL]\nrun_benchmark.py: error: unrecognized arguments: --batch seed-lite-v63\n'}
  -> {'task_id': 'T063_024', 'ok': False, 'error': 'usage: run_benchmark.py [-h] [--task-id TASK_ID] [--tasks-dir TASKS_DIR]\n                        [--out OUT] [--session-prefix SESSION_PREFIX]\n                        [--max-steps MAX_STEPS] [--max-errors MAX_ERRORS]\n                        [--agent-timeout-s AGENT_TIMEOUT_S] [--dry-run-eval]\n                        [--skip-agent] [--user-model USER_MODEL]\n                        [--judge-model JUDGE_MODEL]\nrun_benchmark.py: error: unrecognized arguments: --batch seed-lite-v63\n'}
[48/49] running T063_049...
[24/49] running T063_025...
  -> {'task_id': 'T063_049', 'ok': False, 'error': 'usage: run_benchmark.py [-h] [--task-id TASK_ID] [--tasks-dir TASKS_DIR]\n                        [--out OUT] [--session-prefix SESSION_PREFIX]\n                        [--max-steps MAX_STEPS] [--max-errors MAX_ERRORS]\n                        [--agent-timeout-s AGENT_TIMEOUT_S] [--dry-run-eval]\n                        [--skip-agent] [--user-model USER_MODEL]\n                        [--judge-model JUDGE_MODEL]\nrun_benchmark.py: error: unrecognized arguments: --batch seed-lite-v63\n'}
  -> {'task_id': 'T063_025', 'ok': False, 'error': 'usage: run_benchmark.py [-h] [--task-id TASK_ID] [--tasks-dir TASKS_DIR]\n                        [--out OUT] [--session-prefix SESSION_PREFIX]\n                        [--max-steps MAX_STEPS] [--max-errors MAX_ERRORS]\n                        [--agent-timeout-s AGENT_TIMEOUT_S] [--dry-run-eval]\n                        [--skip-agent] [--user-model USER_MODEL]\n                        [--judge-model JUDGE_MODEL]\nrun_benchmark.py: error: unrecognized arguments: --batch seed-lite-v63\n'}
[49/49] running T063_050...
[25/49] running T063_026...
  -> {'task_id': 'T063_050', 'ok': False, 'error': 'usage: run_benchmark.py [-h] [--task-id TASK_ID] [--tasks-dir TASKS_DIR]\n                        [--out OUT] [--session-prefix SESSION_PREFIX]\n                        [--max-steps MAX_STEPS] [--max-errors MAX_ERRORS]\n                        [--agent-timeout-s AGENT_TIMEOUT_S] [--dry-run-eval]\n                        [--skip-agent] [--user-model USER_MODEL]\n                        [--judge-model JUDGE_MODEL]\nrun_benchmark.py: error: unrecognized arguments: --batch seed-lite-v63\n'}
  -> {'task_id': 'T063_026', 'ok': False, 'error': 'usage: run_benchmark.py [-h] [--task-id TASK_ID] [--tasks-dir TASKS_DIR]\n                        [--out OUT] [--session-prefix SESSION_PREFIX]\n                        [--max-steps MAX_STEPS] [--max-errors MAX_ERRORS]\n                        [--agent-timeout-s AGENT_TIMEOUT_S] [--dry-run-eval]\n                        [--skip-agent] [--user-model USER_MODEL]\n                        [--judge-model JUDGE_MODEL]\nrun_benchmark.py: error: unrecognized arguments: --batch seed-lite-v63\n'}
wrote /root/meituan-lifecare-agent/benchmark/model_selection/results/v63-batch/seed-lite-v63/batch_summary.json
[26/49] running T063_027...
  -> {'task_id': 'T063_027', 'ok': False, 'error': 'usage: run_benchmark.py [-h] [--task-id TASK_ID] [--tasks-dir TASKS_DIR]\n                        [--out OUT] [--session-prefix SESSION_PREFIX]\n                        [--max-steps MAX_STEPS] [--max-errors MAX_ERRORS]\n                        [--agent-timeout-s AGENT_TIMEOUT_S] [--dry-run-eval]\n                        [--skip-agent] [--user-model USER_MODEL]\n                        [--judge-model JUDGE_MODEL]\nrun_benchmark.py: error: unrecognized arguments: --batch seed-lite-v63\n'}
[27/49] running T063_028...
  -> {'task_id': 'T063_028', 'ok': False, 'error': 'usage: run_benchmark.py [-h] [--task-id TASK_ID] [--tasks-dir TASKS_DIR]\n                        [--out OUT] [--session-prefix SESSION_PREFIX]\n                        [--max-steps MAX_STEPS] [--max-errors MAX_ERRORS]\n                        [--agent-timeout-s AGENT_TIMEOUT_S] [--dry-run-eval]\n                        [--skip-agent] [--user-model USER_MODEL]\n                        [--judge-model JUDGE_MODEL]\nrun_benchmark.py: error: unrecognized arguments: --batch seed-lite-v63\n'}
[28/49] running T063_029...
  -> {'task_id': 'T063_029', 'ok': False, 'error': 'usage: run_benchmark.py [-h] [--task-id TASK_ID] [--tasks-dir TASKS_DIR]\n                        [--out OUT] [--session-prefix SESSION_PREFIX]\n                        [--max-steps MAX_STEPS] [--max-errors MAX_ERRORS]\n                        [--agent-timeout-s AGENT_TIMEOUT_S] [--dry-run-eval]\n                        [--skip-agent] [--user-model USER_MODEL]\n                        [--judge-model JUDGE_MODEL]\nrun_benchmark.py: error: unrecognized arguments: --batch seed-lite-v63\n'}
[29/49] running T063_030...
  -> {'task_id': 'T063_030', 'ok': False, 'error': 'usage: run_benchmark.py [-h] [--task-id TASK_ID] [--tasks-dir TASKS_DIR]\n                        [--out OUT] [--session-prefix SESSION_PREFIX]\n                        [--max-steps MAX_STEPS] [--max-errors MAX_ERRORS]\n                        [--agent-timeout-s AGENT_TIMEOUT_S] [--dry-run-eval]\n                        [--skip-agent] [--user-model USER_MODEL]\n                        [--judge-model JUDGE_MODEL]\nrun_benchmark.py: error: unrecognized arguments: --batch seed-lite-v63\n'}
[30/49] running T063_031...
  -> {'task_id': 'T063_031', 'ok': False, 'error': 'usage: run_benchmark.py [-h] [--task-id TASK_ID] [--tasks-dir TASKS_DIR]\n                        [--out OUT] [--session-prefix SESSION_PREFIX]\n                        [--max-steps MAX_STEPS] [--max-errors MAX_ERRORS]\n                        [--agent-timeout-s AGENT_TIMEOUT_S] [--dry-run-eval]\n                        [--skip-agent] [--user-model USER_MODEL]\n                        [--judge-model JUDGE_MODEL]\nrun_benchmark.py: error: unrecognized arguments: --batch seed-lite-v63\n'}
[31/49] running T063_032...
  -> {'task_id': 'T063_032', 'ok': False, 'error': 'usage: run_benchmark.py [-h] [--task-id TASK_ID] [--tasks-dir TASKS_DIR]\n                        [--out OUT] [--session-prefix SESSION_PREFIX]\n                        [--max-steps MAX_STEPS] [--max-errors MAX_ERRORS]\n                        [--agent-timeout-s AGENT_TIMEOUT_S] [--dry-run-eval]\n                        [--skip-agent] [--user-model USER_MODEL]\n                        [--judge-model JUDGE_MODEL]\nrun_benchmark.py: error: unrecognized arguments: --batch seed-lite-v63\n'}
[32/49] running T063_033...
  -> {'task_id': 'T063_033', 'ok': False, 'error': 'usage: run_benchmark.py [-h] [--task-id TASK_ID] [--tasks-dir TASKS_DIR]\n                        [--out OUT] [--session-prefix SESSION_PREFIX]\n                        [--max-steps MAX_STEPS] [--max-errors MAX_ERRORS]\n                        [--agent-timeout-s AGENT_TIMEOUT_S] [--dry-run-eval]\n                        [--skip-agent] [--user-model USER_MODEL]\n                        [--judge-model JUDGE_MODEL]\nrun_benchmark.py: error: unrecognized arguments: --batch seed-lite-v63\n'}
[33/49] running T063_034...
  -> {'task_id': 'T063_034', 'ok': False, 'error': 'usage: run_benchmark.py [-h] [--task-id TASK_ID] [--tasks-dir TASKS_DIR]\n                        [--out OUT] [--session-prefix SESSION_PREFIX]\n                        [--max-steps MAX_STEPS] [--max-errors MAX_ERRORS]\n                        [--agent-timeout-s AGENT_TIMEOUT_S] [--dry-run-eval]\n                        [--skip-agent] [--user-model USER_MODEL]\n                        [--judge-model JUDGE_MODEL]\nrun_benchmark.py: error: unrecognized arguments: --batch seed-lite-v63\n'}
[34/49] running T063_035...
  -> {'task_id': 'T063_035', 'ok': False, 'error': 'usage: run_benchmark.py [-h] [--task-id TASK_ID] [--tasks-dir TASKS_DIR]\n                        [--out OUT] [--session-prefix SESSION_PREFIX]\n                        [--max-steps MAX_STEPS] [--max-errors MAX_ERRORS]\n                        [--agent-timeout-s AGENT_TIMEOUT_S] [--dry-run-eval]\n                        [--skip-agent] [--user-model USER_MODEL]\n                        [--judge-model JUDGE_MODEL]\nrun_benchmark.py: error: unrecognized arguments: --batch seed-lite-v63\n'}
[35/49] running T063_036...
  -> {'task_id': 'T063_036', 'ok': False, 'error': 'usage: run_benchmark.py [-h] [--task-id TASK_ID] [--tasks-dir TASKS_DIR]\n                        [--out OUT] [--session-prefix SESSION_PREFIX]\n                        [--max-steps MAX_STEPS] [--max-errors MAX_ERRORS]\n                        [--agent-timeout-s AGENT_TIMEOUT_S] [--dry-run-eval]\n                        [--skip-agent] [--user-model USER_MODEL]\n                        [--judge-model JUDGE_MODEL]\nrun_benchmark.py: error: unrecognized arguments: --batch seed-lite-v63\n'}
[36/49] running T063_037...
  -> {'task_id': 'T063_037', 'ok': False, 'error': 'usage: run_benchmark.py [-h] [--task-id TASK_ID] [--tasks-dir TASKS_DIR]\n                        [--out OUT] [--session-prefix SESSION_PREFIX]\n                        [--max-steps MAX_STEPS] [--max-errors MAX_ERRORS]\n                        [--agent-timeout-s AGENT_TIMEOUT_S] [--dry-run-eval]\n                        [--skip-agent] [--user-model USER_MODEL]\n                        [--judge-model JUDGE_MODEL]\nrun_benchmark.py: error: unrecognized arguments: --batch seed-lite-v63\n'}
[37/49] running T063_038...
  -> {'task_id': 'T063_038', 'ok': False, 'error': 'usage: run_benchmark.py [-h] [--task-id TASK_ID] [--tasks-dir TASKS_DIR]\n                        [--out OUT] [--session-prefix SESSION_PREFIX]\n                        [--max-steps MAX_STEPS] [--max-errors MAX_ERRORS]\n                        [--agent-timeout-s AGENT_TIMEOUT_S] [--dry-run-eval]\n                        [--skip-agent] [--user-model USER_MODEL]\n                        [--judge-model JUDGE_MODEL]\nrun_benchmark.py: error: unrecognized arguments: --batch seed-lite-v63\n'}
[38/49] running T063_039...
  -> {'task_id': 'T063_039', 'ok': False, 'error': 'usage: run_benchmark.py [-h] [--task-id TASK_ID] [--tasks-dir TASKS_DIR]\n                        [--out OUT] [--session-prefix SESSION_PREFIX]\n                        [--max-steps MAX_STEPS] [--max-errors MAX_ERRORS]\n                        [--agent-timeout-s AGENT_TIMEOUT_S] [--dry-run-eval]\n                        [--skip-agent] [--user-model USER_MODEL]\n                        [--judge-model JUDGE_MODEL]\nrun_benchmark.py: error: unrecognized arguments: --batch seed-lite-v63\n'}
[39/49] running T063_040...
  -> {'task_id': 'T063_040', 'ok': False, 'error': 'usage: run_benchmark.py [-h] [--task-id TASK_ID] [--tasks-dir TASKS_DIR]\n                        [--out OUT] [--session-prefix SESSION_PREFIX]\n                        [--max-steps MAX_STEPS] [--max-errors MAX_ERRORS]\n                        [--agent-timeout-s AGENT_TIMEOUT_S] [--dry-run-eval]\n                        [--skip-agent] [--user-model USER_MODEL]\n                        [--judge-model JUDGE_MODEL]\nrun_benchmark.py: error: unrecognized arguments: --batch seed-lite-v63\n'}
[40/49] running T063_041...
  -> {'task_id': 'T063_041', 'ok': False, 'error': 'usage: run_benchmark.py [-h] [--task-id TASK_ID] [--tasks-dir TASKS_DIR]\n                        [--out OUT] [--session-prefix SESSION_PREFIX]\n                        [--max-steps MAX_STEPS] [--max-errors MAX_ERRORS]\n                        [--agent-timeout-s AGENT_TIMEOUT_S] [--dry-run-eval]\n                        [--skip-agent] [--user-model USER_MODEL]\n                        [--judge-model JUDGE_MODEL]\nrun_benchmark.py: error: unrecognized arguments: --batch seed-lite-v63\n'}
[41/49] running T063_042...
  -> {'task_id': 'T063_042', 'ok': False, 'error': 'usage: run_benchmark.py [-h] [--task-id TASK_ID] [--tasks-dir TASKS_DIR]\n                        [--out OUT] [--session-prefix SESSION_PREFIX]\n                        [--max-steps MAX_STEPS] [--max-errors MAX_ERRORS]\n                        [--agent-timeout-s AGENT_TIMEOUT_S] [--dry-run-eval]\n                        [--skip-agent] [--user-model USER_MODEL]\n                        [--judge-model JUDGE_MODEL]\nrun_benchmark.py: error: unrecognized arguments: --batch seed-lite-v63\n'}
[42/49] running T063_043...
  -> {'task_id': 'T063_043', 'ok': False, 'error': 'usage: run_benchmark.py [-h] [--task-id TASK_ID] [--tasks-dir TASKS_DIR]\n                        [--out OUT] [--session-prefix SESSION_PREFIX]\n                        [--max-steps MAX_STEPS] [--max-errors MAX_ERRORS]\n                        [--agent-timeout-s AGENT_TIMEOUT_S] [--dry-run-eval]\n                        [--skip-agent] [--user-model USER_MODEL]\n                        [--judge-model JUDGE_MODEL]\nrun_benchmark.py: error: unrecognized arguments: --batch seed-lite-v63\n'}
[43/49] running T063_044...
  -> {'task_id': 'T063_044', 'ok': False, 'error': 'usage: run_benchmark.py [-h] [--task-id TASK_ID] [--tasks-dir TASKS_DIR]\n                        [--out OUT] [--session-prefix SESSION_PREFIX]\n                        [--max-steps MAX_STEPS] [--max-errors MAX_ERRORS]\n                        [--agent-timeout-s AGENT_TIMEOUT_S] [--dry-run-eval]\n                        [--skip-agent] [--user-model USER_MODEL]\n                        [--judge-model JUDGE_MODEL]\nrun_benchmark.py: error: unrecognized arguments: --batch seed-lite-v63\n'}
[44/49] running T063_045...
  -> {'task_id': 'T063_045', 'ok': False, 'error': 'usage: run_benchmark.py [-h] [--task-id TASK_ID] [--tasks-dir TASKS_DIR]\n                        [--out OUT] [--session-prefix SESSION_PREFIX]\n                        [--max-steps MAX_STEPS] [--max-errors MAX_ERRORS]\n                        [--agent-timeout-s AGENT_TIMEOUT_S] [--dry-run-eval]\n                        [--skip-agent] [--user-model USER_MODEL]\n                        [--judge-model JUDGE_MODEL]\nrun_benchmark.py: error: unrecognized arguments: --batch seed-lite-v63\n'}
[45/49] running T063_046...
  -> {'task_id': 'T063_046', 'ok': False, 'error': 'usage: run_benchmark.py [-h] [--task-id TASK_ID] [--tasks-dir TASKS_DIR]\n                        [--out OUT] [--session-prefix SESSION_PREFIX]\n                        [--max-steps MAX_STEPS] [--max-errors MAX_ERRORS]\n                        [--agent-timeout-s AGENT_TIMEOUT_S] [--dry-run-eval]\n                        [--skip-agent] [--user-model USER_MODEL]\n                        [--judge-model JUDGE_MODEL]\nrun_benchmark.py: error: unrecognized arguments: --batch seed-lite-v63\n'}
[46/49] running T063_047...
  -> {'task_id': 'T063_047', 'ok': False, 'error': 'usage: run_benchmark.py [-h] [--task-id TASK_ID] [--tasks-dir TASKS_DIR]\n                        [--out OUT] [--session-prefix SESSION_PREFIX]\n                        [--max-steps MAX_STEPS] [--max-errors MAX_ERRORS]\n                        [--agent-timeout-s AGENT_TIMEOUT_S] [--dry-run-eval]\n                        [--skip-agent] [--user-model USER_MODEL]\n                        [--judge-model JUDGE_MODEL]\nrun_benchmark.py: error: unrecognized arguments: --batch seed-lite-v63\n'}
[47/49] running T063_048...
  -> {'task_id': 'T063_048', 'ok': False, 'error': 'usage: run_benchmark.py [-h] [--task-id TASK_ID] [--tasks-dir TASKS_DIR]\n                        [--out OUT] [--session-prefix SESSION_PREFIX]\n                        [--max-steps MAX_STEPS] [--max-errors MAX_ERRORS]\n                        [--agent-timeout-s AGENT_TIMEOUT_S] [--dry-run-eval]\n                        [--skip-agent] [--user-model USER_MODEL]\n                        [--judge-model JUDGE_MODEL]\nrun_benchmark.py: error: unrecognized arguments: --batch seed-lite-v63\n'}
[48/49] running T063_049...
  -> {'task_id': 'T063_049', 'ok': False, 'error': 'usage: run_benchmark.py [-h] [--task-id TASK_ID] [--tasks-dir TASKS_DIR]\n                        [--out OUT] [--session-prefix SESSION_PREFIX]\n                        [--max-steps MAX_STEPS] [--max-errors MAX_ERRORS]\n                        [--agent-timeout-s AGENT_TIMEOUT_S] [--dry-run-eval]\n                        [--skip-agent] [--user-model USER_MODEL]\n                        [--judge-model JUDGE_MODEL]\nrun_benchmark.py: error: unrecognized arguments: --batch seed-lite-v63\n'}
[49/49] running T063_050...
  -> {'task_id': 'T063_050', 'ok': False, 'error': 'usage: run_benchmark.py [-h] [--task-id TASK_ID] [--tasks-dir TASKS_DIR]\n                        [--out OUT] [--session-prefix SESSION_PREFIX]\n                        [--max-steps MAX_STEPS] [--max-errors MAX_ERRORS]\n                        [--agent-timeout-s AGENT_TIMEOUT_S] [--dry-run-eval]\n                        [--skip-agent] [--user-model USER_MODEL]\n                        [--judge-model JUDGE_MODEL]\nrun_benchmark.py: error: unrecognized arguments: --batch seed-lite-v63\n'}
wrote /root/meituan-lifecare-agent/benchmark/model_selection/results/v63-batch/seed-lite-v63/batch_summary.json
batch start: 49 tasks, exclude={'T063_007'}, out=/root/meituan-lifecare-agent/benchmark/model_selection/results/v63-batch/seed-lite-v63
already have run.json: 0, retry: 0, to_run: 49
[1/49] running T063_SAMPLE_001...
  -> {'task_id': 'T063_SAMPLE_001', 'ok': False, 'error': 'usage: run_benchmark.py [-h] [--task-id TASK_ID] [--tasks-dir TASKS_DIR]\n                        [--out OUT] [--session-prefix SESSION_PREFIX]\n                        [--max-steps MAX_STEPS] [--max-errors MAX_ERRORS]\n                        [--agent-timeout-s AGENT_TIMEOUT_S] [--dry-run-eval]\n                        [--skip-agent] [--user-model USER_MODEL]\n                        [--judge-model JUDGE_MODEL]\nrun_benchmark.py: error: unrecognized arguments: --batch seed-lite-v63\n'}
[2/49] running T063_002...
  -> {'task_id': 'T063_002', 'ok': False, 'error': 'usage: run_benchmark.py [-h] [--task-id TASK_ID] [--tasks-dir TASKS_DIR]\n                        [--out OUT] [--session-prefix SESSION_PREFIX]\n                        [--max-steps MAX_STEPS] [--max-errors MAX_ERRORS]\n                        [--agent-timeout-s AGENT_TIMEOUT_S] [--dry-run-eval]\n                        [--skip-agent] [--user-model USER_MODEL]\n                        [--judge-model JUDGE_MODEL]\nrun_benchmark.py: error: unrecognized arguments: --batch seed-lite-v63\n'}
[3/49] running T063_003...
  -> {'task_id': 'T063_003', 'ok': False, 'error': 'usage: run_benchmark.py [-h] [--task-id TASK_ID] [--tasks-dir TASKS_DIR]\n                        [--out OUT] [--session-prefix SESSION_PREFIX]\n                        [--max-steps MAX_STEPS] [--max-errors MAX_ERRORS]\n                        [--agent-timeout-s AGENT_TIMEOUT_S] [--dry-run-eval]\n                        [--skip-agent] [--user-model USER_MODEL]\n                        [--judge-model JUDGE_MODEL]\nrun_benchmark.py: error: unrecognized arguments: --batch seed-lite-v63\n'}
[4/49] running T063_004...
  -> {'task_id': 'T063_004', 'ok': False, 'error': 'usage: run_benchmark.py [-h] [--task-id TASK_ID] [--tasks-dir TASKS_DIR]\n                        [--out OUT] [--session-prefix SESSION_PREFIX]\n                        [--max-steps MAX_STEPS] [--max-errors MAX_ERRORS]\n                        [--agent-timeout-s AGENT_TIMEOUT_S] [--dry-run-eval]\n                        [--skip-agent] [--user-model USER_MODEL]\n                        [--judge-model JUDGE_MODEL]\nrun_benchmark.py: error: unrecognized arguments: --batch seed-lite-v63\n'}
[5/49] running T063_005...
  -> {'task_id': 'T063_005', 'ok': False, 'error': 'usage: run_benchmark.py [-h] [--task-id TASK_ID] [--tasks-dir TASKS_DIR]\n                        [--out OUT] [--session-prefix SESSION_PREFIX]\n                        [--max-steps MAX_STEPS] [--max-errors MAX_ERRORS]\n                        [--agent-timeout-s AGENT_TIMEOUT_S] [--dry-run-eval]\n                        [--skip-agent] [--user-model USER_MODEL]\n                        [--judge-model JUDGE_MODEL]\nrun_benchmark.py: error: unrecognized arguments: --batch seed-lite-v63\n'}
[6/49] running T063_006...
  -> {'task_id': 'T063_006', 'ok': False, 'error': 'usage: run_benchmark.py [-h] [--task-id TASK_ID] [--tasks-dir TASKS_DIR]\n                        [--out OUT] [--session-prefix SESSION_PREFIX]\n                        [--max-steps MAX_STEPS] [--max-errors MAX_ERRORS]\n                        [--agent-timeout-s AGENT_TIMEOUT_S] [--dry-run-eval]\n                        [--skip-agent] [--user-model USER_MODEL]\n                        [--judge-model JUDGE_MODEL]\nrun_benchmark.py: error: unrecognized arguments: --batch seed-lite-v63\n'}
[7/49] running T063_008...
  -> {'task_id': 'T063_008', 'ok': False, 'error': 'usage: run_benchmark.py [-h] [--task-id TASK_ID] [--tasks-dir TASKS_DIR]\n                        [--out OUT] [--session-prefix SESSION_PREFIX]\n                        [--max-steps MAX_STEPS] [--max-errors MAX_ERRORS]\n                        [--agent-timeout-s AGENT_TIMEOUT_S] [--dry-run-eval]\n                        [--skip-agent] [--user-model USER_MODEL]\n                        [--judge-model JUDGE_MODEL]\nrun_benchmark.py: error: unrecognized arguments: --batch seed-lite-v63\n'}
[8/49] running T063_009...
  -> {'task_id': 'T063_009', 'ok': False, 'error': 'usage: run_benchmark.py [-h] [--task-id TASK_ID] [--tasks-dir TASKS_DIR]\n                        [--out OUT] [--session-prefix SESSION_PREFIX]\n                        [--max-steps MAX_STEPS] [--max-errors MAX_ERRORS]\n                        [--agent-timeout-s AGENT_TIMEOUT_S] [--dry-run-eval]\n                        [--skip-agent] [--user-model USER_MODEL]\n                        [--judge-model JUDGE_MODEL]\nrun_benchmark.py: error: unrecognized arguments: --batch seed-lite-v63\n'}
[9/49] running T063_010...
  -> {'task_id': 'T063_010', 'ok': False, 'error': 'usage: run_benchmark.py [-h] [--task-id TASK_ID] [--tasks-dir TASKS_DIR]\n                        [--out OUT] [--session-prefix SESSION_PREFIX]\n                        [--max-steps MAX_STEPS] [--max-errors MAX_ERRORS]\n                        [--agent-timeout-s AGENT_TIMEOUT_S] [--dry-run-eval]\n                        [--skip-agent] [--user-model USER_MODEL]\n                        [--judge-model JUDGE_MODEL]\nrun_benchmark.py: error: unrecognized arguments: --batch seed-lite-v63\n'}
[10/49] running T063_011...
  -> {'task_id': 'T063_011', 'ok': False, 'error': 'usage: run_benchmark.py [-h] [--task-id TASK_ID] [--tasks-dir TASKS_DIR]\n                        [--out OUT] [--session-prefix SESSION_PREFIX]\n                        [--max-steps MAX_STEPS] [--max-errors MAX_ERRORS]\n                        [--agent-timeout-s AGENT_TIMEOUT_S] [--dry-run-eval]\n                        [--skip-agent] [--user-model USER_MODEL]\n                        [--judge-model JUDGE_MODEL]\nrun_benchmark.py: error: unrecognized arguments: --batch seed-lite-v63\n'}
[11/49] running T063_012...
  -> {'task_id': 'T063_012', 'ok': False, 'error': 'usage: run_benchmark.py [-h] [--task-id TASK_ID] [--tasks-dir TASKS_DIR]\n                        [--out OUT] [--session-prefix SESSION_PREFIX]\n                        [--max-steps MAX_STEPS] [--max-errors MAX_ERRORS]\n                        [--agent-timeout-s AGENT_TIMEOUT_S] [--dry-run-eval]\n                        [--skip-agent] [--user-model USER_MODEL]\n                        [--judge-model JUDGE_MODEL]\nrun_benchmark.py: error: unrecognized arguments: --batch seed-lite-v63\n'}
[12/49] running T063_013...
  -> {'task_id': 'T063_013', 'ok': False, 'error': 'usage: run_benchmark.py [-h] [--task-id TASK_ID] [--tasks-dir TASKS_DIR]\n                        [--out OUT] [--session-prefix SESSION_PREFIX]\n                        [--max-steps MAX_STEPS] [--max-errors MAX_ERRORS]\n                        [--agent-timeout-s AGENT_TIMEOUT_S] [--dry-run-eval]\n                        [--skip-agent] [--user-model USER_MODEL]\n                        [--judge-model JUDGE_MODEL]\nrun_benchmark.py: error: unrecognized arguments: --batch seed-lite-v63\n'}
[13/49] running T063_014...
  -> {'task_id': 'T063_014', 'ok': False, 'error': 'usage: run_benchmark.py [-h] [--task-id TASK_ID] [--tasks-dir TASKS_DIR]\n                        [--out OUT] [--session-prefix SESSION_PREFIX]\n                        [--max-steps MAX_STEPS] [--max-errors MAX_ERRORS]\n                        [--agent-timeout-s AGENT_TIMEOUT_S] [--dry-run-eval]\n                        [--skip-agent] [--user-model USER_MODEL]\n                        [--judge-model JUDGE_MODEL]\nrun_benchmark.py: error: unrecognized arguments: --batch seed-lite-v63\n'}
[14/49] running T063_015...
  -> {'task_id': 'T063_015', 'ok': False, 'error': 'usage: run_benchmark.py [-h] [--task-id TASK_ID] [--tasks-dir TASKS_DIR]\n                        [--out OUT] [--session-prefix SESSION_PREFIX]\n                        [--max-steps MAX_STEPS] [--max-errors MAX_ERRORS]\n                        [--agent-timeout-s AGENT_TIMEOUT_S] [--dry-run-eval]\n                        [--skip-agent] [--user-model USER_MODEL]\n                        [--judge-model JUDGE_MODEL]\nrun_benchmark.py: error: unrecognized arguments: --batch seed-lite-v63\n'}
[15/49] running T063_016...
  -> {'task_id': 'T063_016', 'ok': False, 'error': 'usage: run_benchmark.py [-h] [--task-id TASK_ID] [--tasks-dir TASKS_DIR]\n                        [--out OUT] [--session-prefix SESSION_PREFIX]\n                        [--max-steps MAX_STEPS] [--max-errors MAX_ERRORS]\n                        [--agent-timeout-s AGENT_TIMEOUT_S] [--dry-run-eval]\n                        [--skip-agent] [--user-model USER_MODEL]\n                        [--judge-model JUDGE_MODEL]\nrun_benchmark.py: error: unrecognized arguments: --batch seed-lite-v63\n'}
[16/49] running T063_017...
  -> {'task_id': 'T063_017', 'ok': False, 'error': 'usage: run_benchmark.py [-h] [--task-id TASK_ID] [--tasks-dir TASKS_DIR]\n                        [--out OUT] [--session-prefix SESSION_PREFIX]\n                        [--max-steps MAX_STEPS] [--max-errors MAX_ERRORS]\n                        [--agent-timeout-s AGENT_TIMEOUT_S] [--dry-run-eval]\n                        [--skip-agent] [--user-model USER_MODEL]\n                        [--judge-model JUDGE_MODEL]\nrun_benchmark.py: error: unrecognized arguments: --batch seed-lite-v63\n'}
[17/49] running T063_018...
  -> {'task_id': 'T063_018', 'ok': False, 'error': 'usage: run_benchmark.py [-h] [--task-id TASK_ID] [--tasks-dir TASKS_DIR]\n                        [--out OUT] [--session-prefix SESSION_PREFIX]\n                        [--max-steps MAX_STEPS] [--max-errors MAX_ERRORS]\n                        [--agent-timeout-s AGENT_TIMEOUT_S] [--dry-run-eval]\n                        [--skip-agent] [--user-model USER_MODEL]\n                        [--judge-model JUDGE_MODEL]\nrun_benchmark.py: error: unrecognized arguments: --batch seed-lite-v63\n'}
[18/49] running T063_019...
  -> {'task_id': 'T063_019', 'ok': False, 'error': 'usage: run_benchmark.py [-h] [--task-id TASK_ID] [--tasks-dir TASKS_DIR]\n                        [--out OUT] [--session-prefix SESSION_PREFIX]\n                        [--max-steps MAX_STEPS] [--max-errors MAX_ERRORS]\n                        [--agent-timeout-s AGENT_TIMEOUT_S] [--dry-run-eval]\n                        [--skip-agent] [--user-model USER_MODEL]\n                        [--judge-model JUDGE_MODEL]\nrun_benchmark.py: error: unrecognized arguments: --batch seed-lite-v63\n'}
[19/49] running T063_020...
  -> {'task_id': 'T063_020', 'ok': False, 'error': 'usage: run_benchmark.py [-h] [--task-id TASK_ID] [--tasks-dir TASKS_DIR]\n                        [--out OUT] [--session-prefix SESSION_PREFIX]\n                        [--max-steps MAX_STEPS] [--max-errors MAX_ERRORS]\n                        [--agent-timeout-s AGENT_TIMEOUT_S] [--dry-run-eval]\n                        [--skip-agent] [--user-model USER_MODEL]\n                        [--judge-model JUDGE_MODEL]\nrun_benchmark.py: error: unrecognized arguments: --batch seed-lite-v63\n'}
[20/49] running T063_021...
  -> {'task_id': 'T063_021', 'ok': False, 'error': 'usage: run_benchmark.py [-h] [--task-id TASK_ID] [--tasks-dir TASKS_DIR]\n                        [--out OUT] [--session-prefix SESSION_PREFIX]\n                        [--max-steps MAX_STEPS] [--max-errors MAX_ERRORS]\n                        [--agent-timeout-s AGENT_TIMEOUT_S] [--dry-run-eval]\n                        [--skip-agent] [--user-model USER_MODEL]\n                        [--judge-model JUDGE_MODEL]\nrun_benchmark.py: error: unrecognized arguments: --batch seed-lite-v63\n'}
[21/49] running T063_022...
  -> {'task_id': 'T063_022', 'ok': False, 'error': 'usage: run_benchmark.py [-h] [--task-id TASK_ID] [--tasks-dir TASKS_DIR]\n                        [--out OUT] [--session-prefix SESSION_PREFIX]\n                        [--max-steps MAX_STEPS] [--max-errors MAX_ERRORS]\n                        [--agent-timeout-s AGENT_TIMEOUT_S] [--dry-run-eval]\n                        [--skip-agent] [--user-model USER_MODEL]\n                        [--judge-model JUDGE_MODEL]\nrun_benchmark.py: error: unrecognized arguments: --batch seed-lite-v63\n'}
[22/49] running T063_023...
  -> {'task_id': 'T063_023', 'ok': False, 'error': 'usage: run_benchmark.py [-h] [--task-id TASK_ID] [--tasks-dir TASKS_DIR]\n                        [--out OUT] [--session-prefix SESSION_PREFIX]\n                        [--max-steps MAX_STEPS] [--max-errors MAX_ERRORS]\n                        [--agent-timeout-s AGENT_TIMEOUT_S] [--dry-run-eval]\n                        [--skip-agent] [--user-model USER_MODEL]\n                        [--judge-model JUDGE_MODEL]\nrun_benchmark.py: error: unrecognized arguments: --batch seed-lite-v63\n'}
[23/49] running T063_024...
  -> {'task_id': 'T063_024', 'ok': False, 'error': 'usage: run_benchmark.py [-h] [--task-id TASK_ID] [--tasks-dir TASKS_DIR]\n                        [--out OUT] [--session-prefix SESSION_PREFIX]\n                        [--max-steps MAX_STEPS] [--max-errors MAX_ERRORS]\n                        [--agent-timeout-s AGENT_TIMEOUT_S] [--dry-run-eval]\n                        [--skip-agent] [--user-model USER_MODEL]\n                        [--judge-model JUDGE_MODEL]\nrun_benchmark.py: error: unrecognized arguments: --batch seed-lite-v63\n'}
[24/49] running T063_025...
  -> {'task_id': 'T063_025', 'ok': False, 'error': 'usage: run_benchmark.py [-h] [--task-id TASK_ID] [--tasks-dir TASKS_DIR]\n                        [--out OUT] [--session-prefix SESSION_PREFIX]\n                        [--max-steps MAX_STEPS] [--max-errors MAX_ERRORS]\n                        [--agent-timeout-s AGENT_TIMEOUT_S] [--dry-run-eval]\n                        [--skip-agent] [--user-model USER_MODEL]\n                        [--judge-model JUDGE_MODEL]\nrun_benchmark.py: error: unrecognized arguments: --batch seed-lite-v63\n'}
[25/49] running T063_026...
  -> {'task_id': 'T063_026', 'ok': False, 'error': 'usage: run_benchmark.py [-h] [--task-id TASK_ID] [--tasks-dir TASKS_DIR]\n                        [--out OUT] [--session-prefix SESSION_PREFIX]\n                        [--max-steps MAX_STEPS] [--max-errors MAX_ERRORS]\n                        [--agent-timeout-s AGENT_TIMEOUT_S] [--dry-run-eval]\n                        [--skip-agent] [--user-model USER_MODEL]\n                        [--judge-model JUDGE_MODEL]\nrun_benchmark.py: error: unrecognized arguments: --batch seed-lite-v63\n'}
[26/49] running T063_027...
  -> {'task_id': 'T063_027', 'ok': False, 'error': 'usage: run_benchmark.py [-h] [--task-id TASK_ID] [--tasks-dir TASKS_DIR]\n                        [--out OUT] [--session-prefix SESSION_PREFIX]\n                        [--max-steps MAX_STEPS] [--max-errors MAX_ERRORS]\n                        [--agent-timeout-s AGENT_TIMEOUT_S] [--dry-run-eval]\n                        [--skip-agent] [--user-model USER_MODEL]\n                        [--judge-model JUDGE_MODEL]\nrun_benchmark.py: error: unrecognized arguments: --batch seed-lite-v63\n'}
[27/49] running T063_028...
  -> {'task_id': 'T063_028', 'ok': False, 'error': 'usage: run_benchmark.py [-h] [--task-id TASK_ID] [--tasks-dir TASKS_DIR]\n                        [--out OUT] [--session-prefix SESSION_PREFIX]\n                        [--max-steps MAX_STEPS] [--max-errors MAX_ERRORS]\n                        [--agent-timeout-s AGENT_TIMEOUT_S] [--dry-run-eval]\n                        [--skip-agent] [--user-model USER_MODEL]\n                        [--judge-model JUDGE_MODEL]\nrun_benchmark.py: error: unrecognized arguments: --batch seed-lite-v63\n'}
[28/49] running T063_029...
  -> {'task_id': 'T063_029', 'ok': False, 'error': 'usage: run_benchmark.py [-h] [--task-id TASK_ID] [--tasks-dir TASKS_DIR]\n                        [--out OUT] [--session-prefix SESSION_PREFIX]\n                        [--max-steps MAX_STEPS] [--max-errors MAX_ERRORS]\n                        [--agent-timeout-s AGENT_TIMEOUT_S] [--dry-run-eval]\n                        [--skip-agent] [--user-model USER_MODEL]\n                        [--judge-model JUDGE_MODEL]\nrun_benchmark.py: error: unrecognized arguments: --batch seed-lite-v63\n'}
[29/49] running T063_030...
  -> {'task_id': 'T063_030', 'ok': False, 'error': 'usage: run_benchmark.py [-h] [--task-id TASK_ID] [--tasks-dir TASKS_DIR]\n                        [--out OUT] [--session-prefix SESSION_PREFIX]\n                        [--max-steps MAX_STEPS] [--max-errors MAX_ERRORS]\n                        [--agent-timeout-s AGENT_TIMEOUT_S] [--dry-run-eval]\n                        [--skip-agent] [--user-model USER_MODEL]\n                        [--judge-model JUDGE_MODEL]\nrun_benchmark.py: error: unrecognized arguments: --batch seed-lite-v63\n'}
[30/49] running T063_031...
  -> {'task_id': 'T063_031', 'ok': False, 'error': 'usage: run_benchmark.py [-h] [--task-id TASK_ID] [--tasks-dir TASKS_DIR]\n                        [--out OUT] [--session-prefix SESSION_PREFIX]\n                        [--max-steps MAX_STEPS] [--max-errors MAX_ERRORS]\n                        [--agent-timeout-s AGENT_TIMEOUT_S] [--dry-run-eval]\n                        [--skip-agent] [--user-model USER_MODEL]\n                        [--judge-model JUDGE_MODEL]\nrun_benchmark.py: error: unrecognized arguments: --batch seed-lite-v63\n'}
[31/49] running T063_032...
  -> {'task_id': 'T063_032', 'ok': False, 'error': 'usage: run_benchmark.py [-h] [--task-id TASK_ID] [--tasks-dir TASKS_DIR]\n                        [--out OUT] [--session-prefix SESSION_PREFIX]\n                        [--max-steps MAX_STEPS] [--max-errors MAX_ERRORS]\n                        [--agent-timeout-s AGENT_TIMEOUT_S] [--dry-run-eval]\n                        [--skip-agent] [--user-model USER_MODEL]\n                        [--judge-model JUDGE_MODEL]\nrun_benchmark.py: error: unrecognized arguments: --batch seed-lite-v63\n'}
[32/49] running T063_033...
  -> {'task_id': 'T063_033', 'ok': False, 'error': 'usage: run_benchmark.py [-h] [--task-id TASK_ID] [--tasks-dir TASKS_DIR]\n                        [--out OUT] [--session-prefix SESSION_PREFIX]\n                        [--max-steps MAX_STEPS] [--max-errors MAX_ERRORS]\n                        [--agent-timeout-s AGENT_TIMEOUT_S] [--dry-run-eval]\n                        [--skip-agent] [--user-model USER_MODEL]\n                        [--judge-model JUDGE_MODEL]\nrun_benchmark.py: error: unrecognized arguments: --batch seed-lite-v63\n'}
[33/49] running T063_034...
  -> {'task_id': 'T063_034', 'ok': False, 'error': 'usage: run_benchmark.py [-h] [--task-id TASK_ID] [--tasks-dir TASKS_DIR]\n                        [--out OUT] [--session-prefix SESSION_PREFIX]\n                        [--max-steps MAX_STEPS] [--max-errors MAX_ERRORS]\n                        [--agent-timeout-s AGENT_TIMEOUT_S] [--dry-run-eval]\n                        [--skip-agent] [--user-model USER_MODEL]\n                        [--judge-model JUDGE_MODEL]\nrun_benchmark.py: error: unrecognized arguments: --batch seed-lite-v63\n'}
[34/49] running T063_035...
  -> {'task_id': 'T063_035', 'ok': False, 'error': 'usage: run_benchmark.py [-h] [--task-id TASK_ID] [--tasks-dir TASKS_DIR]\n                        [--out OUT] [--session-prefix SESSION_PREFIX]\n                        [--max-steps MAX_STEPS] [--max-errors MAX_ERRORS]\n                        [--agent-timeout-s AGENT_TIMEOUT_S] [--dry-run-eval]\n                        [--skip-agent] [--user-model USER_MODEL]\n                        [--judge-model JUDGE_MODEL]\nrun_benchmark.py: error: unrecognized arguments: --batch seed-lite-v63\n'}
[35/49] running T063_036...
  -> {'task_id': 'T063_036', 'ok': False, 'error': 'usage: run_benchmark.py [-h] [--task-id TASK_ID] [--tasks-dir TASKS_DIR]\n                        [--out OUT] [--session-prefix SESSION_PREFIX]\n                        [--max-steps MAX_STEPS] [--max-errors MAX_ERRORS]\n                        [--agent-timeout-s AGENT_TIMEOUT_S] [--dry-run-eval]\n                        [--skip-agent] [--user-model USER_MODEL]\n                        [--judge-model JUDGE_MODEL]\nrun_benchmark.py: error: unrecognized arguments: --batch seed-lite-v63\n'}
[36/49] running T063_037...
  -> {'task_id': 'T063_037', 'ok': False, 'error': 'usage: run_benchmark.py [-h] [--task-id TASK_ID] [--tasks-dir TASKS_DIR]\n                        [--out OUT] [--session-prefix SESSION_PREFIX]\n                        [--max-steps MAX_STEPS] [--max-errors MAX_ERRORS]\n                        [--agent-timeout-s AGENT_TIMEOUT_S] [--dry-run-eval]\n                        [--skip-agent] [--user-model USER_MODEL]\n                        [--judge-model JUDGE_MODEL]\nrun_benchmark.py: error: unrecognized arguments: --batch seed-lite-v63\n'}
[37/49] running T063_038...
  -> {'task_id': 'T063_038', 'ok': False, 'error': 'usage: run_benchmark.py [-h] [--task-id TASK_ID] [--tasks-dir TASKS_DIR]\n                        [--out OUT] [--session-prefix SESSION_PREFIX]\n                        [--max-steps MAX_STEPS] [--max-errors MAX_ERRORS]\n                        [--agent-timeout-s AGENT_TIMEOUT_S] [--dry-run-eval]\n                        [--skip-agent] [--user-model USER_MODEL]\n                        [--judge-model JUDGE_MODEL]\nrun_benchmark.py: error: unrecognized arguments: --batch seed-lite-v63\n'}
[38/49] running T063_039...
  -> {'task_id': 'T063_039', 'ok': False, 'error': 'usage: run_benchmark.py [-h] [--task-id TASK_ID] [--tasks-dir TASKS_DIR]\n                        [--out OUT] [--session-prefix SESSION_PREFIX]\n                        [--max-steps MAX_STEPS] [--max-errors MAX_ERRORS]\n                        [--agent-timeout-s AGENT_TIMEOUT_S] [--dry-run-eval]\n                        [--skip-agent] [--user-model USER_MODEL]\n                        [--judge-model JUDGE_MODEL]\nrun_benchmark.py: error: unrecognized arguments: --batch seed-lite-v63\n'}
[39/49] running T063_040...
  -> {'task_id': 'T063_040', 'ok': False, 'error': 'usage: run_benchmark.py [-h] [--task-id TASK_ID] [--tasks-dir TASKS_DIR]\n                        [--out OUT] [--session-prefix SESSION_PREFIX]\n                        [--max-steps MAX_STEPS] [--max-errors MAX_ERRORS]\n                        [--agent-timeout-s AGENT_TIMEOUT_S] [--dry-run-eval]\n                        [--skip-agent] [--user-model USER_MODEL]\n                        [--judge-model JUDGE_MODEL]\nrun_benchmark.py: error: unrecognized arguments: --batch seed-lite-v63\n'}
[40/49] running T063_041...
  -> {'task_id': 'T063_041', 'ok': False, 'error': 'usage: run_benchmark.py [-h] [--task-id TASK_ID] [--tasks-dir TASKS_DIR]\n                        [--out OUT] [--session-prefix SESSION_PREFIX]\n                        [--max-steps MAX_STEPS] [--max-errors MAX_ERRORS]\n                        [--agent-timeout-s AGENT_TIMEOUT_S] [--dry-run-eval]\n                        [--skip-agent] [--user-model USER_MODEL]\n                        [--judge-model JUDGE_MODEL]\nrun_benchmark.py: error: unrecognized arguments: --batch seed-lite-v63\n'}
[41/49] running T063_042...
  -> {'task_id': 'T063_042', 'ok': False, 'error': 'usage: run_benchmark.py [-h] [--task-id TASK_ID] [--tasks-dir TASKS_DIR]\n                        [--out OUT] [--session-prefix SESSION_PREFIX]\n                        [--max-steps MAX_STEPS] [--max-errors MAX_ERRORS]\n                        [--agent-timeout-s AGENT_TIMEOUT_S] [--dry-run-eval]\n                        [--skip-agent] [--user-model USER_MODEL]\n                        [--judge-model JUDGE_MODEL]\nrun_benchmark.py: error: unrecognized arguments: --batch seed-lite-v63\n'}
[42/49] running T063_043...
  -> {'task_id': 'T063_043', 'ok': False, 'error': 'usage: run_benchmark.py [-h] [--task-id TASK_ID] [--tasks-dir TASKS_DIR]\n                        [--out OUT] [--session-prefix SESSION_PREFIX]\n                        [--max-steps MAX_STEPS] [--max-errors MAX_ERRORS]\n                        [--agent-timeout-s AGENT_TIMEOUT_S] [--dry-run-eval]\n                        [--skip-agent] [--user-model USER_MODEL]\n                        [--judge-model JUDGE_MODEL]\nrun_benchmark.py: error: unrecognized arguments: --batch seed-lite-v63\n'}
[43/49] running T063_044...
  -> {'task_id': 'T063_044', 'ok': False, 'error': 'usage: run_benchmark.py [-h] [--task-id TASK_ID] [--tasks-dir TASKS_DIR]\n                        [--out OUT] [--session-prefix SESSION_PREFIX]\n                        [--max-steps MAX_STEPS] [--max-errors MAX_ERRORS]\n                        [--agent-timeout-s AGENT_TIMEOUT_S] [--dry-run-eval]\n                        [--skip-agent] [--user-model USER_MODEL]\n                        [--judge-model JUDGE_MODEL]\nrun_benchmark.py: error: unrecognized arguments: --batch seed-lite-v63\n'}
[44/49] running T063_045...
  -> {'task_id': 'T063_045', 'ok': False, 'error': 'usage: run_benchmark.py [-h] [--task-id TASK_ID] [--tasks-dir TASKS_DIR]\n                        [--out OUT] [--session-prefix SESSION_PREFIX]\n                        [--max-steps MAX_STEPS] [--max-errors MAX_ERRORS]\n                        [--agent-timeout-s AGENT_TIMEOUT_S] [--dry-run-eval]\n                        [--skip-agent] [--user-model USER_MODEL]\n                        [--judge-model JUDGE_MODEL]\nrun_benchmark.py: error: unrecognized arguments: --batch seed-lite-v63\n'}
[45/49] running T063_046...
  -> {'task_id': 'T063_046', 'ok': False, 'error': 'usage: run_benchmark.py [-h] [--task-id TASK_ID] [--tasks-dir TASKS_DIR]\n                        [--out OUT] [--session-prefix SESSION_PREFIX]\n                        [--max-steps MAX_STEPS] [--max-errors MAX_ERRORS]\n                        [--agent-timeout-s AGENT_TIMEOUT_S] [--dry-run-eval]\n                        [--skip-agent] [--user-model USER_MODEL]\n                        [--judge-model JUDGE_MODEL]\nrun_benchmark.py: error: unrecognized arguments: --batch seed-lite-v63\n'}
[46/49] running T063_047...
  -> {'task_id': 'T063_047', 'ok': False, 'error': 'usage: run_benchmark.py [-h] [--task-id TASK_ID] [--tasks-dir TASKS_DIR]\n                        [--out OUT] [--session-prefix SESSION_PREFIX]\n                        [--max-steps MAX_STEPS] [--max-errors MAX_ERRORS]\n                        [--agent-timeout-s AGENT_TIMEOUT_S] [--dry-run-eval]\n                        [--skip-agent] [--user-model USER_MODEL]\n                        [--judge-model JUDGE_MODEL]\nrun_benchmark.py: error: unrecognized arguments: --batch seed-lite-v63\n'}
[47/49] running T063_048...
  -> {'task_id': 'T063_048', 'ok': False, 'error': 'usage: run_benchmark.py [-h] [--task-id TASK_ID] [--tasks-dir TASKS_DIR]\n                        [--out OUT] [--session-prefix SESSION_PREFIX]\n                        [--max-steps MAX_STEPS] [--max-errors MAX_ERRORS]\n                        [--agent-timeout-s AGENT_TIMEOUT_S] [--dry-run-eval]\n                        [--skip-agent] [--user-model USER_MODEL]\n                        [--judge-model JUDGE_MODEL]\nrun_benchmark.py: error: unrecognized arguments: --batch seed-lite-v63\n'}
[48/49] running T063_049...
  -> {'task_id': 'T063_049', 'ok': False, 'error': 'usage: run_benchmark.py [-h] [--task-id TASK_ID] [--tasks-dir TASKS_DIR]\n                        [--out OUT] [--session-prefix SESSION_PREFIX]\n                        [--max-steps MAX_STEPS] [--max-errors MAX_ERRORS]\n                        [--agent-timeout-s AGENT_TIMEOUT_S] [--dry-run-eval]\n                        [--skip-agent] [--user-model USER_MODEL]\n                        [--judge-model JUDGE_MODEL]\nrun_benchmark.py: error: unrecognized arguments: --batch seed-lite-v63\n'}
[49/49] running T063_050...
  -> {'task_id': 'T063_050', 'ok': False, 'error': 'usage: run_benchmark.py [-h] [--task-id TASK_ID] [--tasks-dir TASKS_DIR]\n                        [--out OUT] [--session-prefix SESSION_PREFIX]\n                        [--max-steps MAX_STEPS] [--max-errors MAX_ERRORS]\n                        [--agent-timeout-s AGENT_TIMEOUT_S] [--dry-run-eval]\n                        [--skip-agent] [--user-model USER_MODEL]\n                        [--judge-model JUDGE_MODEL]\nrun_benchmark.py: error: unrecognized arguments: --batch seed-lite-v63\n'}
wrote /root/meituan-lifecare-agent/benchmark/model_selection/results/v63-batch/seed-lite-v63/batch_summary.json
batch start: 49 tasks, exclude={'T063_007'}, out=/root/meituan-lifecare-agent/benchmark/model_selection/results/v63-batch/seed-lite-v63
already have run.json: 0, retry: 0, to_run: 49
[1/49] running T063_SAMPLE_001...
  -> {'task_id': 'T063_SAMPLE_001', 'ok': False, 'error': 'usage: run_benchmark.py [-h] [--task-id TASK_ID] [--tasks-dir TASKS_DIR]\n                        [--out OUT] [--session-prefix SESSION_PREFIX]\n                        [--max-steps MAX_STEPS] [--max-errors MAX_ERRORS]\n                        [--agent-timeout-s AGENT_TIMEOUT_S] [--dry-run-eval]\n                        [--skip-agent] [--user-model USER_MODEL]\n                        [--judge-model JUDGE_MODEL]\nrun_benchmark.py: error: unrecognized arguments: --batch seed-lite-v63\n'}
[2/49] running T063_002...
  -> {'task_id': 'T063_002', 'ok': False, 'error': 'usage: run_benchmark.py [-h] [--task-id TASK_ID] [--tasks-dir TASKS_DIR]\n                        [--out OUT] [--session-prefix SESSION_PREFIX]\n                        [--max-steps MAX_STEPS] [--max-errors MAX_ERRORS]\n                        [--agent-timeout-s AGENT_TIMEOUT_S] [--dry-run-eval]\n                        [--skip-agent] [--user-model USER_MODEL]\n                        [--judge-model JUDGE_MODEL]\nrun_benchmark.py: error: unrecognized arguments: --batch seed-lite-v63\n'}
[3/49] running T063_003...
  -> {'task_id': 'T063_003', 'ok': False, 'error': 'usage: run_benchmark.py [-h] [--task-id TASK_ID] [--tasks-dir TASKS_DIR]\n                        [--out OUT] [--session-prefix SESSION_PREFIX]\n                        [--max-steps MAX_STEPS] [--max-errors MAX_ERRORS]\n                        [--agent-timeout-s AGENT_TIMEOUT_S] [--dry-run-eval]\n                        [--skip-agent] [--user-model USER_MODEL]\n                        [--judge-model JUDGE_MODEL]\nrun_benchmark.py: error: unrecognized arguments: --batch seed-lite-v63\n'}
[4/49] running T063_004...
  -> {'task_id': 'T063_004', 'ok': False, 'error': 'usage: run_benchmark.py [-h] [--task-id TASK_ID] [--tasks-dir TASKS_DIR]\n                        [--out OUT] [--session-prefix SESSION_PREFIX]\n                        [--max-steps MAX_STEPS] [--max-errors MAX_ERRORS]\n                        [--agent-timeout-s AGENT_TIMEOUT_S] [--dry-run-eval]\n                        [--skip-agent] [--user-model USER_MODEL]\n                        [--judge-model JUDGE_MODEL]\nrun_benchmark.py: error: unrecognized arguments: --batch seed-lite-v63\n'}
[5/49] running T063_005...
  -> {'task_id': 'T063_005', 'ok': False, 'error': 'usage: run_benchmark.py [-h] [--task-id TASK_ID] [--tasks-dir TASKS_DIR]\n                        [--out OUT] [--session-prefix SESSION_PREFIX]\n                        [--max-steps MAX_STEPS] [--max-errors MAX_ERRORS]\n                        [--agent-timeout-s AGENT_TIMEOUT_S] [--dry-run-eval]\n                        [--skip-agent] [--user-model USER_MODEL]\n                        [--judge-model JUDGE_MODEL]\nrun_benchmark.py: error: unrecognized arguments: --batch seed-lite-v63\n'}
[6/49] running T063_006...
  -> {'task_id': 'T063_006', 'ok': False, 'error': 'usage: run_benchmark.py [-h] [--task-id TASK_ID] [--tasks-dir TASKS_DIR]\n                        [--out OUT] [--session-prefix SESSION_PREFIX]\n                        [--max-steps MAX_STEPS] [--max-errors MAX_ERRORS]\n                        [--agent-timeout-s AGENT_TIMEOUT_S] [--dry-run-eval]\n                        [--skip-agent] [--user-model USER_MODEL]\n                        [--judge-model JUDGE_MODEL]\nrun_benchmark.py: error: unrecognized arguments: --batch seed-lite-v63\n'}
[7/49] running T063_008...
  -> {'task_id': 'T063_008', 'ok': False, 'error': 'usage: run_benchmark.py [-h] [--task-id TASK_ID] [--tasks-dir TASKS_DIR]\n                        [--out OUT] [--session-prefix SESSION_PREFIX]\n                        [--max-steps MAX_STEPS] [--max-errors MAX_ERRORS]\n                        [--agent-timeout-s AGENT_TIMEOUT_S] [--dry-run-eval]\n                        [--skip-agent] [--user-model USER_MODEL]\n                        [--judge-model JUDGE_MODEL]\nrun_benchmark.py: error: unrecognized arguments: --batch seed-lite-v63\n'}
[8/49] running T063_009...
  -> {'task_id': 'T063_009', 'ok': False, 'error': 'usage: run_benchmark.py [-h] [--task-id TASK_ID] [--tasks-dir TASKS_DIR]\n                        [--out OUT] [--session-prefix SESSION_PREFIX]\n                        [--max-steps MAX_STEPS] [--max-errors MAX_ERRORS]\n                        [--agent-timeout-s AGENT_TIMEOUT_S] [--dry-run-eval]\n                        [--skip-agent] [--user-model USER_MODEL]\n                        [--judge-model JUDGE_MODEL]\nrun_benchmark.py: error: unrecognized arguments: --batch seed-lite-v63\n'}
[9/49] running T063_010...
  -> {'task_id': 'T063_010', 'ok': False, 'error': 'usage: run_benchmark.py [-h] [--task-id TASK_ID] [--tasks-dir TASKS_DIR]\n                        [--out OUT] [--session-prefix SESSION_PREFIX]\n                        [--max-steps MAX_STEPS] [--max-errors MAX_ERRORS]\n                        [--agent-timeout-s AGENT_TIMEOUT_S] [--dry-run-eval]\n                        [--skip-agent] [--user-model USER_MODEL]\n                        [--judge-model JUDGE_MODEL]\nrun_benchmark.py: error: unrecognized arguments: --batch seed-lite-v63\n'}
[10/49] running T063_011...
  -> {'task_id': 'T063_011', 'ok': False, 'error': 'usage: run_benchmark.py [-h] [--task-id TASK_ID] [--tasks-dir TASKS_DIR]\n                        [--out OUT] [--session-prefix SESSION_PREFIX]\n                        [--max-steps MAX_STEPS] [--max-errors MAX_ERRORS]\n                        [--agent-timeout-s AGENT_TIMEOUT_S] [--dry-run-eval]\n                        [--skip-agent] [--user-model USER_MODEL]\n                        [--judge-model JUDGE_MODEL]\nrun_benchmark.py: error: unrecognized arguments: --batch seed-lite-v63\n'}
[11/49] running T063_012...
  -> {'task_id': 'T063_012', 'ok': False, 'error': 'usage: run_benchmark.py [-h] [--task-id TASK_ID] [--tasks-dir TASKS_DIR]\n                        [--out OUT] [--session-prefix SESSION_PREFIX]\n                        [--max-steps MAX_STEPS] [--max-errors MAX_ERRORS]\n                        [--agent-timeout-s AGENT_TIMEOUT_S] [--dry-run-eval]\n                        [--skip-agent] [--user-model USER_MODEL]\n                        [--judge-model JUDGE_MODEL]\nrun_benchmark.py: error: unrecognized arguments: --batch seed-lite-v63\n'}
[12/49] running T063_013...
  -> {'task_id': 'T063_013', 'ok': False, 'error': 'usage: run_benchmark.py [-h] [--task-id TASK_ID] [--tasks-dir TASKS_DIR]\n                        [--out OUT] [--session-prefix SESSION_PREFIX]\n                        [--max-steps MAX_STEPS] [--max-errors MAX_ERRORS]\n                        [--agent-timeout-s AGENT_TIMEOUT_S] [--dry-run-eval]\n                        [--skip-agent] [--user-model USER_MODEL]\n                        [--judge-model JUDGE_MODEL]\nrun_benchmark.py: error: unrecognized arguments: --batch seed-lite-v63\n'}
[13/49] running T063_014...
  -> {'task_id': 'T063_014', 'ok': False, 'error': 'usage: run_benchmark.py [-h] [--task-id TASK_ID] [--tasks-dir TASKS_DIR]\n                        [--out OUT] [--session-prefix SESSION_PREFIX]\n                        [--max-steps MAX_STEPS] [--max-errors MAX_ERRORS]\n                        [--agent-timeout-s AGENT_TIMEOUT_S] [--dry-run-eval]\n                        [--skip-agent] [--user-model USER_MODEL]\n                        [--judge-model JUDGE_MODEL]\nrun_benchmark.py: error: unrecognized arguments: --batch seed-lite-v63\n'}
[14/49] running T063_015...
  -> {'task_id': 'T063_015', 'ok': False, 'error': 'usage: run_benchmark.py [-h] [--task-id TASK_ID] [--tasks-dir TASKS_DIR]\n                        [--out OUT] [--session-prefix SESSION_PREFIX]\n                        [--max-steps MAX_STEPS] [--max-errors MAX_ERRORS]\n                        [--agent-timeout-s AGENT_TIMEOUT_S] [--dry-run-eval]\n                        [--skip-agent] [--user-model USER_MODEL]\n                        [--judge-model JUDGE_MODEL]\nrun_benchmark.py: error: unrecognized arguments: --batch seed-lite-v63\n'}
[15/49] running T063_016...
  -> {'task_id': 'T063_016', 'ok': False, 'error': 'usage: run_benchmark.py [-h] [--task-id TASK_ID] [--tasks-dir TASKS_DIR]\n                        [--out OUT] [--session-prefix SESSION_PREFIX]\n                        [--max-steps MAX_STEPS] [--max-errors MAX_ERRORS]\n                        [--agent-timeout-s AGENT_TIMEOUT_S] [--dry-run-eval]\n                        [--skip-agent] [--user-model USER_MODEL]\n                        [--judge-model JUDGE_MODEL]\nrun_benchmark.py: error: unrecognized arguments: --batch seed-lite-v63\n'}
[16/49] running T063_017...
  -> {'task_id': 'T063_017', 'ok': False, 'error': 'usage: run_benchmark.py [-h] [--task-id TASK_ID] [--tasks-dir TASKS_DIR]\n                        [--out OUT] [--session-prefix SESSION_PREFIX]\n                        [--max-steps MAX_STEPS] [--max-errors MAX_ERRORS]\n                        [--agent-timeout-s AGENT_TIMEOUT_S] [--dry-run-eval]\n                        [--skip-agent] [--user-model USER_MODEL]\n                        [--judge-model JUDGE_MODEL]\nrun_benchmark.py: error: unrecognized arguments: --batch seed-lite-v63\n'}
[17/49] running T063_018...
  -> {'task_id': 'T063_018', 'ok': False, 'error': 'usage: run_benchmark.py [-h] [--task-id TASK_ID] [--tasks-dir TASKS_DIR]\n                        [--out OUT] [--session-prefix SESSION_PREFIX]\n                        [--max-steps MAX_STEPS] [--max-errors MAX_ERRORS]\n                        [--agent-timeout-s AGENT_TIMEOUT_S] [--dry-run-eval]\n                        [--skip-agent] [--user-model USER_MODEL]\n                        [--judge-model JUDGE_MODEL]\nrun_benchmark.py: error: unrecognized arguments: --batch seed-lite-v63\n'}
[18/49] running T063_019...
batch start: 49 tasks, exclude={'T063_007'}, out=/root/meituan-lifecare-agent/benchmark/model_selection/results/v63-batch/seed-lite-v63
already have run.json: 0, retry: 0, to_run: 49
[1/49] running T063_SAMPLE_001...
  -> {'task_id': 'T063_SAMPLE_001', 'ok': False, 'error': 'Traceback (most recent call last):\n  File "/usr/lib/python3.10/urllib/request.py", line 1348, in do_open\n    h.request(req.get_method(), req.selector, req.data, headers,\n  File "/usr/lib/python3.10/http/client.py", line 1312, in request\n    self._send_request(method, url, body, headers, encode_chunked)\n  File "/usr/lib/python3.10/http/client.py", line 1358, in _send_request\n    self.endheaders(body, encode_chunked=encode_chunked)\n  File "/usr/lib/python3.10/http/client.py", line 1307, in endhead'}
[2/49] running T063_002...
  -> {'task_id': 'T063_002', 'ok': False, 'error': 'Traceback (most recent call last):\n  File "/usr/lib/python3.10/urllib/request.py", line 1348, in do_open\n    h.request(req.get_method(), req.selector, req.data, headers,\n  File "/usr/lib/python3.10/http/client.py", line 1312, in request\n    self._send_request(method, url, body, headers, encode_chunked)\n  File "/usr/lib/python3.10/http/client.py", line 1358, in _send_request\n    self.endheaders(body, encode_chunked=encode_chunked)\n  File "/usr/lib/python3.10/http/client.py", line 1307, in endhead'}
[3/49] running T063_003...
  -> {'task_id': 'T063_003', 'ok': False, 'error': 'Traceback (most recent call last):\n  File "/usr/lib/python3.10/urllib/request.py", line 1348, in do_open\n    h.request(req.get_method(), req.selector, req.data, headers,\n  File "/usr/lib/python3.10/http/client.py", line 1312, in request\n    self._send_request(method, url, body, headers, encode_chunked)\n  File "/usr/lib/python3.10/http/client.py", line 1358, in _send_request\n    self.endheaders(body, encode_chunked=encode_chunked)\n  File "/usr/lib/python3.10/http/client.py", line 1307, in endhead'}
[4/49] running T063_004...
batch start: 49 tasks, exclude={'T063_007'}, out=/root/meituan-lifecare-agent/benchmark/model_selection/results/v63-batch/seed-lite-v63
already have run.json: 0, retry: 0, to_run: 49
[1/49] running T063_SAMPLE_001...
  -> {'task_id': 'T063_SAMPLE_001', 'ok': True, 'termination': 'user_stop', 'steps': 5, 'reward': 0.875, 'rubric_met': 7, 'rubric_total': 8}
[2/49] running T063_002...
  -> {'task_id': 'T063_002', 'ok': True, 'termination': 'user_stop', 'steps': 3, 'reward': 0.75, 'rubric_met': 6, 'rubric_total': 8}
[3/49] running T063_003...
  -> {'task_id': 'T063_003', 'ok': True, 'termination': 'user_stop', 'steps': 3, 'reward': 0.5, 'rubric_met': 4, 'rubric_total': 8}
[4/49] running T063_004...
  -> {'task_id': 'T063_004', 'ok': True, 'termination': 'user_stop', 'steps': 3, 'reward': 0.7142857142857143, 'rubric_met': 5, 'rubric_total': 7}
[5/49] running T063_005...
  -> {'task_id': 'T063_005', 'ok': True, 'termination': 'user_stop', 'steps': 5, 'reward': 0.5, 'rubric_met': 4, 'rubric_total': 8}
[6/49] running T063_006...
  -> {'task_id': 'T063_006', 'ok': True, 'termination': 'user_stop', 'steps': 2, 'reward': 1.0, 'rubric_met': 8, 'rubric_total': 8}
[7/49] running T063_008...
  -> {'task_id': 'T063_008', 'ok': True, 'termination': 'user_stop', 'steps': 2, 'reward': 0.875, 'rubric_met': 7, 'rubric_total': 8}
[8/49] running T063_009...
  -> {'task_id': 'T063_009', 'ok': True, 'termination': 'user_stop', 'steps': 3, 'reward': 0.875, 'rubric_met': 7, 'rubric_total': 8}
[9/49] running T063_010...
  -> {'task_id': 'T063_010', 'ok': True, 'termination': 'user_stop', 'steps': 2, 'reward': 1.0, 'rubric_met': 8, 'rubric_total': 8}
[10/49] running T063_011...
  -> {'task_id': 'T063_011', 'ok': True, 'termination': 'user_stop', 'steps': 2, 'reward': 1.0, 'rubric_met': 8, 'rubric_total': 8}
[11/49] running T063_012...
  -> {'task_id': 'T063_012', 'ok': True, 'termination': 'user_stop', 'steps': 2, 'reward': 0.5, 'rubric_met': 4, 'rubric_total': 8}
[12/49] running T063_013...
  -> {'task_id': 'T063_013', 'ok': True, 'termination': 'user_stop', 'steps': 1, 'reward': 0.0, 'rubric_met': 0, 'rubric_total': 8}
[13/49] running T063_014...
  -> {'task_id': 'T063_014', 'ok': True, 'termination': 'user_stop', 'steps': 5, 'reward': 0.75, 'rubric_met': 6, 'rubric_total': 8}
[14/49] running T063_015...
  -> {'task_id': 'T063_015', 'ok': True, 'termination': 'user_stop', 'steps': 2, 'reward': 0.875, 'rubric_met': 7, 'rubric_total': 8}
[15/49] running T063_016...
  -> {'task_id': 'T063_016', 'ok': True, 'termination': 'user_stop', 'steps': 2, 'reward': 0.625, 'rubric_met': 5, 'rubric_total': 8}
[16/49] running T063_017...
  -> {'task_id': 'T063_017', 'ok': True, 'termination': 'user_stop', 'steps': 2, 'reward': 0.875, 'rubric_met': 7, 'rubric_total': 8}
[17/49] running T063_018...
  -> {'task_id': 'T063_018', 'ok': True, 'termination': 'user_stop', 'steps': 2, 'reward': 1.0, 'rubric_met': 8, 'rubric_total': 8}
[18/49] running T063_019...
  -> {'task_id': 'T063_019', 'ok': True, 'termination': 'user_stop', 'steps': 2, 'reward': 0.625, 'rubric_met': 5, 'rubric_total': 8}
[19/49] running T063_020...
  -> {'task_id': 'T063_020', 'ok': True, 'termination': 'user_stop', 'steps': 8, 'reward': 0.0, 'rubric_met': 0, 'rubric_total': 8}
[20/49] running T063_021...
  -> {'task_id': 'T063_021', 'ok': True, 'termination': 'user_stop', 'steps': 4, 'reward': 1.0, 'rubric_met': 8, 'rubric_total': 8}
[21/49] running T063_022...
  -> {'task_id': 'T063_022', 'ok': True, 'termination': 'user_stop', 'steps': 2, 'reward': 0.875, 'rubric_met': 7, 'rubric_total': 8}
[22/49] running T063_023...
  -> {'task_id': 'T063_023', 'ok': True, 'termination': 'user_stop', 'steps': 2, 'reward': 0.625, 'rubric_met': 5, 'rubric_total': 8}
[23/49] running T063_024...
  -> {'task_id': 'T063_024', 'ok': True, 'termination': 'user_stop', 'steps': 2, 'reward': 1.0, 'rubric_met': 7, 'rubric_total': 7}
[24/49] running T063_025...
  -> {'task_id': 'T063_025', 'ok': True, 'termination': 'user_stop', 'steps': 2, 'reward': 1.0, 'rubric_met': 8, 'rubric_total': 8}
[25/49] running T063_026...
  -> {'task_id': 'T063_026', 'ok': True, 'termination': 'user_stop', 'steps': 1, 'reward': 0.0, 'rubric_met': 0, 'rubric_total': 9}
[26/49] running T063_027...
  -> {'task_id': 'T063_027', 'ok': True, 'termination': 'user_stop', 'steps': 2, 'reward': 0.625, 'rubric_met': 5, 'rubric_total': 8}
[27/49] running T063_028...
  -> {'task_id': 'T063_028', 'ok': True, 'termination': 'user_stop', 'steps': 2, 'reward': 0.625, 'rubric_met': 5, 'rubric_total': 8}
[28/49] running T063_029...
  -> {'task_id': 'T063_029', 'ok': True, 'termination': 'user_stop', 'steps': 2, 'reward': 0.625, 'rubric_met': 5, 'rubric_total': 8}
[29/49] running T063_030...
  -> {'task_id': 'T063_030', 'ok': True, 'termination': 'user_stop', 'steps': 2, 'reward': 0.875, 'rubric_met': 7, 'rubric_total': 8}
[30/49] running T063_031...
  -> {'task_id': 'T063_031', 'ok': True, 'termination': 'user_stop', 'steps': 3, 'reward': 0.875, 'rubric_met': 7, 'rubric_total': 8}
[31/49] running T063_032...
  -> {'task_id': 'T063_032', 'ok': True, 'termination': 'user_stop', 'steps': 2, 'reward': 0.875, 'rubric_met': 7, 'rubric_total': 8}
[32/49] running T063_033...
  -> {'task_id': 'T063_033', 'ok': True, 'termination': 'user_stop', 'steps': 3, 'reward': 0.625, 'rubric_met': 5, 'rubric_total': 8}
[33/49] running T063_034...
  -> {'task_id': 'T063_034', 'ok': True, 'termination': 'user_stop', 'steps': 2, 'reward': 0.875, 'rubric_met': 7, 'rubric_total': 8}
[34/49] running T063_035...
  -> {'task_id': 'T063_035', 'ok': True, 'termination': 'user_stop', 'steps': 2, 'reward': 1.0, 'rubric_met': 8, 'rubric_total': 8}
[35/49] running T063_036...
  -> {'task_id': 'T063_036', 'ok': True, 'termination': 'user_stop', 'steps': 2, 'reward': 0.375, 'rubric_met': 3, 'rubric_total': 8}
[36/49] running T063_037...
  -> {'task_id': 'T063_037', 'ok': True, 'termination': 'user_stop', 'steps': 2, 'reward': 0.25, 'rubric_met': 2, 'rubric_total': 8}
[37/49] running T063_038...
  -> {'task_id': 'T063_038', 'ok': True, 'termination': 'user_stop', 'steps': 2, 'reward': 0.75, 'rubric_met': 6, 'rubric_total': 8}
[38/49] running T063_039...
  -> {'task_id': 'T063_039', 'ok': True, 'termination': 'user_stop', 'steps': 2, 'reward': 0.5714285714285714, 'rubric_met': 4, 'rubric_total': 7}
[39/49] running T063_040...
  -> {'task_id': 'T063_040', 'ok': True, 'termination': 'user_stop', 'steps': 2, 'reward': 0.75, 'rubric_met': 6, 'rubric_total': 8}
[40/49] running T063_041...
  -> {'task_id': 'T063_041', 'ok': True, 'termination': 'user_stop', 'steps': 3, 'reward': 0.3333333333333333, 'rubric_met': 3, 'rubric_total': 9}
[41/49] running T063_042...
  -> {'task_id': 'T063_042', 'ok': True, 'termination': 'user_stop', 'steps': 2, 'reward': 0.8888888888888888, 'rubric_met': 8, 'rubric_total': 9}
[42/49] running T063_043...
  -> {'task_id': 'T063_043', 'ok': True, 'termination': 'user_stop', 'steps': 3, 'reward': 0.7777777777777778, 'rubric_met': 7, 'rubric_total': 9}
[43/49] running T063_044...
  -> {'task_id': 'T063_044', 'ok': True, 'termination': 'user_stop', 'steps': 3, 'reward': 0.8, 'rubric_met': 8, 'rubric_total': 10}
[44/49] running T063_045...
  -> {'task_id': 'T063_045', 'ok': True, 'termination': 'user_stop', 'steps': 2, 'reward': 0.7777777777777778, 'rubric_met': 7, 'rubric_total': 9}
[45/49] running T063_046...
  -> {'task_id': 'T063_046', 'ok': True, 'termination': 'user_stop', 'steps': 2, 'reward': 0.7777777777777778, 'rubric_met': 7, 'rubric_total': 9}
[46/49] running T063_047...
  -> {'task_id': 'T063_047', 'ok': True, 'termination': 'user_stop', 'steps': 2, 'reward': 1.0, 'rubric_met': 8, 'rubric_total': 8}
[47/49] running T063_048...
  -> {'task_id': 'T063_048', 'ok': True, 'termination': 'user_stop', 'steps': 2, 'reward': 1.0, 'rubric_met': 9, 'rubric_total': 9}
[48/49] running T063_049...
  -> {'task_id': 'T063_049', 'ok': True, 'termination': 'user_stop', 'steps': 4, 'reward': 0.875, 'rubric_met': 7, 'rubric_total': 8}
[49/49] running T063_050...
  -> {'task_id': 'T063_050', 'ok': True, 'termination': 'user_stop', 'steps': 2, 'reward': 0.7777777777777778, 'rubric_met': 7, 'rubric_total': 9}
wrote /root/meituan-lifecare-agent/benchmark/model_selection/results/v63-batch/seed-lite-v63/batch_summary.json
